time ,contract ,period ,funding rate 
2021/11/23 16:00,BTCUSDT 永续,8hr,0.01%
2021/11/23 8:00,BTCUSDT 永续,8hr,0.01%
2021/11/23 0:00,BTCUSDT 永续,8hr,0.01%
2021/11/22 16:00,BTCUSDT 永续,8hr,0.01%
2021/11/22 8:00,BTCUSDT 永续,8hr,0.01%
2021/11/22 0:00,BTCUSDT 永续,8hr,0.01%
2021/11/21 16:00,BTCUSDT 永续,8hr,0.01%
2021/11/21 8:00,BTCUSDT 永续,8hr,0.01%
2021/11/21 0:00,BTCUSDT 永续,8hr,0.01%
2021/11/20 16:00,BTCUSDT 永续,8hr,0.01%
2021/11/20 8:00,BTCUSDT 永续,8hr,0.01%
2021/11/20 0:00,BTCUSDT 永续,8hr,0.01%
2021/11/19 16:00,BTCUSDT 永续,8hr,0.01%
2021/11/19 8:00,BTCUSDT 永续,8hr,0.01%
2021/11/19 0:00,BTCUSDT 永续,8hr,0.01%
2021/11/18 16:00,BTCUSDT 永续,8hr,0.01%
2021/11/18 8:00,BTCUSDT 永续,8hr,0.01%
2021/11/18 0:00,BTCUSDT 永续,8hr,0.01%
2021/11/17 16:00,BTCUSDT 永续,8hr,0.01%
2021/11/17 8:00,BTCUSDT 永续,8hr,0.01%
2021/11/17 0:00,BTCUSDT 永续,8hr,0.01%
2021/11/16 16:00,BTCUSDT 永续,8hr,0.01%
2021/11/16 8:00,BTCUSDT 永续,8hr,0.04%
2021/11/16 0:00,BTCUSDT 永续,8hr,0.04%
2021/11/15 16:00,BTCUSDT 永续,8hr,0.02%
2021/11/15 8:00,BTCUSDT 永续,8hr,0.02%
2021/11/15 0:00,BTCUSDT 永续,8hr,0.01%
2021/11/14 16:00,BTCUSDT 永续,8hr,0.01%
2021/11/14 8:00,BTCUSDT 永续,8hr,0.01%
2021/11/14 0:00,BTCUSDT 永续,8hr,0.02%
2021/11/13 16:00,BTCUSDT 永续,8hr,0.03%
2021/11/13 8:00,BTCUSDT 永续,8hr,0.02%
2021/11/13 0:00,BTCUSDT 永续,8hr,0.04%
2021/11/12 16:00,BTCUSDT 永续,8hr,0.04%
2021/11/12 8:00,BTCUSDT 永续,8hr,0.02%
2021/11/12 0:00,BTCUSDT 永续,8hr,0.02%
2021/11/11 16:00,BTCUSDT 永续,8hr,0.01%
2021/11/11 8:00,BTCUSDT 永续,8hr,0.02%
2021/11/11 0:00,BTCUSDT 永续,8hr,0.06%
2021/11/10 16:00,BTCUSDT 永续,8hr,0.07%
2021/11/10 8:00,BTCUSDT 永续,8hr,0.04%
2021/11/10 0:00,BTCUSDT 永续,8hr,0.07%
2021/11/9 16:00,BTCUSDT 永续,8hr,0.04%
2021/11/9 8:00,BTCUSDT 永续,8hr,0.04%
2021/11/9 0:00,BTCUSDT 永续,8hr,0.05%
2021/11/8 16:00,BTCUSDT 永续,8hr,0.05%
2021/11/8 8:00,BTCUSDT 永续,8hr,0.03%
2021/11/8 0:00,BTCUSDT 永续,8hr,0.04%
2021/11/7 16:00,BTCUSDT 永续,8hr,0.04%
2021/11/7 8:00,BTCUSDT 永续,8hr,0.02%
2021/11/7 0:00,BTCUSDT 永续,8hr,0.04%
2021/11/6 16:00,BTCUSDT 永续,8hr,0.05%
2021/11/6 8:00,BTCUSDT 永续,8hr,0.05%
2021/11/6 0:00,BTCUSDT 永续,8hr,0.04%
2021/11/5 16:00,BTCUSDT 永续,8hr,0.02%
2021/11/5 8:00,BTCUSDT 永续,8hr,0.02%
2021/11/5 0:00,BTCUSDT 永续,8hr,0.05%
2021/11/4 16:00,BTCUSDT 永续,8hr,0.05%
2021/11/4 8:00,BTCUSDT 永续,8hr,0.05%
2021/11/4 0:00,BTCUSDT 永续,8hr,0.03%
2021/11/3 16:00,BTCUSDT 永续,8hr,0.04%
2021/11/3 8:00,BTCUSDT 永续,8hr,0.08%
2021/11/3 0:00,BTCUSDT 永续,8hr,0.05%
2021/11/2 16:00,BTCUSDT 永续,8hr,0.03%
2021/11/2 8:00,BTCUSDT 永续,8hr,0.02%
2021/11/2 0:00,BTCUSDT 永续,8hr,0.06%
2021/11/1 16:00,BTCUSDT 永续,8hr,0.03%
2021/11/1 8:00,BTCUSDT 永续,8hr,0.03%
2021/11/1 0:00,BTCUSDT 永续,8hr,0.04%
2021/10/31 16:00,BTCUSDT 永续,8hr,0.05%
2021/10/31 8:00,BTCUSDT 永续,8hr,0.02%
2021/10/31 0:00,BTCUSDT 永续,8hr,0.02%
2021/10/30 16:00,BTCUSDT 永续,8hr,0.04%
2021/10/30 8:00,BTCUSDT 永续,8hr,0.02%
2021/10/30 0:00,BTCUSDT 永续,8hr,0.02%
2021/10/29 16:00,BTCUSDT 永续,8hr,0.02%
2021/10/29 8:00,BTCUSDT 永续,8hr,0.02%
2021/10/29 0:00,BTCUSDT 永续,8hr,0.01%
2021/10/28 16:00,BTCUSDT 永续,8hr,0.01%
2021/10/28 8:00,BTCUSDT 永续,8hr,0.02%
2021/10/28 0:00,BTCUSDT 永续,8hr,0.02%
2021/10/27 16:00,BTCUSDT 永续,8hr,0.03%
2021/10/27 8:00,BTCUSDT 永续,8hr,0.03%
2021/10/27 0:00,BTCUSDT 永续,8hr,0.06%
2021/10/26 16:00,BTCUSDT 永续,8hr,0.06%
2021/10/26 8:00,BTCUSDT 永续,8hr,0.04%
2021/10/26 0:00,BTCUSDT 永续,8hr,0.02%
2021/10/25 16:00,BTCUSDT 永续,8hr,0.02%
2021/10/25 8:00,BTCUSDT 永续,8hr,0.05%
2021/10/25 0:00,BTCUSDT 永续,8hr,0.03%
2021/10/24 16:00,BTCUSDT 永续,8hr,0.04%
2021/10/24 8:00,BTCUSDT 永续,8hr,0.03%
2021/10/24 0:00,BTCUSDT 永续,8hr,0.02%
2021/10/23 16:00,BTCUSDT 永续,8hr,0.01%
2021/10/23 8:00,BTCUSDT 永续,8hr,0.03%
2021/10/23 0:00,BTCUSDT 永续,8hr,0.03%
2021/10/22 16:00,BTCUSDT 永续,8hr,0.02%
2021/10/22 8:00,BTCUSDT 永续,8hr,0.03%
2021/10/22 0:00,BTCUSDT 永续,8hr,0.06%
2021/10/21 16:00,BTCUSDT 永续,8hr,0.06%
2021/10/21 8:00,BTCUSDT 永续,8hr,0.07%
2021/10/21 0:00,BTCUSDT 永续,8hr,0.06%
2021/10/20 16:00,BTCUSDT 永续,8hr,0.01%
2021/10/20 8:00,BTCUSDT 永续,8hr,0.01%
2021/10/20 0:00,BTCUSDT 永续,8hr,0.01%
2021/10/19 16:00,BTCUSDT 永续,8hr,0.01%
2021/10/19 8:00,BTCUSDT 永续,8hr,0.01%
2021/10/19 0:00,BTCUSDT 永续,8hr,0.01%
2021/10/18 16:00,BTCUSDT 永续,8hr,0.02%
2021/10/18 8:00,BTCUSDT 永续,8hr,0.04%
2021/10/18 0:00,BTCUSDT 永续,8hr,0.04%
2021/10/17 16:00,BTCUSDT 永续,8hr,0.04%
2021/10/17 8:00,BTCUSDT 永续,8hr,0.03%
2021/10/17 0:00,BTCUSDT 永续,8hr,0.04%
2021/10/16 16:00,BTCUSDT 永续,8hr,0.03%
2021/10/16 8:00,BTCUSDT 永续,8hr,0.05%
2021/10/16 0:00,BTCUSDT 永续,8hr,0.01%
2021/10/15 16:00,BTCUSDT 永续,8hr,0.04%
2021/10/15 8:00,BTCUSDT 永续,8hr,0.01%
2021/10/15 0:00,BTCUSDT 永续,8hr,0.02%
2021/10/14 16:00,BTCUSDT 永续,8hr,0.02%
2021/10/14 8:00,BTCUSDT 永续,8hr,0.01%
2021/10/14 0:00,BTCUSDT 永续,8hr,0.01%
2021/10/13 16:00,BTCUSDT 永续,8hr,0.01%
2021/10/13 8:00,BTCUSDT 永续,8hr,0.01%
2021/10/13 0:00,BTCUSDT 永续,8hr,0.01%
2021/10/12 16:00,BTCUSDT 永续,8hr,0.01%
2021/10/12 8:00,BTCUSDT 永续,8hr,0.01%
2021/10/12 0:00,BTCUSDT 永续,8hr,0.01%
2021/10/11 16:00,BTCUSDT 永续,8hr,0.01%
2021/10/11 8:00,BTCUSDT 永续,8hr,0.01%
2021/10/11 0:00,BTCUSDT 永续,8hr,0.01%
2021/10/10 16:00,BTCUSDT 永续,8hr,0.02%
2021/10/10 8:00,BTCUSDT 永续,8hr,0.01%
2021/10/10 0:00,BTCUSDT 永续,8hr,0.02%
2021/10/9 16:00,BTCUSDT 永续,8hr,0.01%
2021/10/9 8:00,BTCUSDT 永续,8hr,0.01%
2021/10/9 0:00,BTCUSDT 永续,8hr,0.01%
2021/10/8 16:00,BTCUSDT 永续,8hr,0.02%
2021/10/8 8:00,BTCUSDT 永续,8hr,0.03%
2021/10/8 0:00,BTCUSDT 永续,8hr,0.03%
2021/10/7 16:00,BTCUSDT 永续,8hr,0.03%
2021/10/7 8:00,BTCUSDT 永续,8hr,0.01%
2021/10/7 0:00,BTCUSDT 永续,8hr,0.01%
2021/10/6 16:00,BTCUSDT 永续,8hr,0.01%
2021/10/6 8:00,BTCUSDT 永续,8hr,0.01%
2021/10/6 0:00,BTCUSDT 永续,8hr,0.00%
2021/10/5 16:00,BTCUSDT 永续,8hr,0.00%
2021/10/5 8:00,BTCUSDT 永续,8hr,0.01%
2021/10/5 0:00,BTCUSDT 永续,8hr,0.01%
2021/10/4 16:00,BTCUSDT 永续,8hr,0.01%
2021/10/4 8:00,BTCUSDT 永续,8hr,0.01%
2021/10/4 0:00,BTCUSDT 永续,8hr,0.01%
2021/10/3 16:00,BTCUSDT 永续,8hr,0.01%
2021/10/3 8:00,BTCUSDT 永续,8hr,0.01%
2021/10/3 0:00,BTCUSDT 永续,8hr,0.01%
2021/10/2 16:00,BTCUSDT 永续,8hr,0.00%
2021/10/2 8:00,BTCUSDT 永续,8hr,0.01%
2021/10/2 0:00,BTCUSDT 永续,8hr,0.01%
2021/10/1 16:00,BTCUSDT 永续,8hr,0.00%
2021/10/1 8:00,BTCUSDT 永续,8hr,0.00%
2021/10/1 0:00,BTCUSDT 永续,8hr,0.01%
2021/9/30 16:00,BTCUSDT 永续,8hr,0.01%
2021/9/30 8:00,BTCUSDT 永续,8hr,0.01%
2021/9/30 0:00,BTCUSDT 永续,8hr,0.01%
2021/9/29 16:00,BTCUSDT 永续,8hr,0.00%
2021/9/29 8:00,BTCUSDT 永续,8hr,0.00%
2021/9/29 0:00,BTCUSDT 永续,8hr,0.01%
2021/9/28 16:00,BTCUSDT 永续,8hr,0.00%
2021/9/28 8:00,BTCUSDT 永续,8hr,0.00%
2021/9/28 0:00,BTCUSDT 永续,8hr,0.01%
2021/9/27 16:00,BTCUSDT 永续,8hr,0.01%
2021/9/27 8:00,BTCUSDT 永续,8hr,0.01%
2021/9/27 0:00,BTCUSDT 永续,8hr,0.00%
2021/9/26 16:00,BTCUSDT 永续,8hr,0.01%
2021/9/26 8:00,BTCUSDT 永续,8hr,0.00%
2021/9/26 0:00,BTCUSDT 永续,8hr,0.01%
2021/9/25 16:00,BTCUSDT 永续,8hr,0.01%
2021/9/25 8:00,BTCUSDT 永续,8hr,0.01%
2021/9/25 0:00,BTCUSDT 永续,8hr,0.00%
2021/9/24 16:00,BTCUSDT 永续,8hr,-0.01%
2021/9/24 8:00,BTCUSDT 永续,8hr,-0.01%
2021/9/24 0:00,BTCUSDT 永续,8hr,0.01%
2021/9/23 16:00,BTCUSDT 永续,8hr,0.01%
2021/9/23 8:00,BTCUSDT 永续,8hr,0.00%
2021/9/23 0:00,BTCUSDT 永续,8hr,0.01%
2021/9/22 16:00,BTCUSDT 永续,8hr,0.01%
2021/9/22 8:00,BTCUSDT 永续,8hr,0.01%
2021/9/22 0:00,BTCUSDT 永续,8hr,0.01%
2021/9/21 16:00,BTCUSDT 永续,8hr,0.01%
2021/9/21 8:00,BTCUSDT 永续,8hr,0.01%
2021/9/21 0:00,BTCUSDT 永续,8hr,0.01%
2021/9/20 16:00,BTCUSDT 永续,8hr,0.01%
2021/9/20 8:00,BTCUSDT 永续,8hr,0.01%
2021/9/20 0:00,BTCUSDT 永续,8hr,0.01%
2021/9/19 16:00,BTCUSDT 永续,8hr,0.01%
2021/9/19 8:00,BTCUSDT 永续,8hr,0.01%
2021/9/19 0:00,BTCUSDT 永续,8hr,0.01%
2021/9/18 16:00,BTCUSDT 永续,8hr,0.01%
2021/9/18 8:00,BTCUSDT 永续,8hr,0.01%
2021/9/18 0:00,BTCUSDT 永续,8hr,0.01%
2021/9/17 16:00,BTCUSDT 永续,8hr,0.01%
2021/9/17 8:00,BTCUSDT 永续,8hr,0.01%
2021/9/17 0:00,BTCUSDT 永续,8hr,0.01%
2021/9/16 16:00,BTCUSDT 永续,8hr,0.01%
2021/9/16 8:00,BTCUSDT 永续,8hr,0.01%
2021/9/16 0:00,BTCUSDT 永续,8hr,0.01%
2021/9/15 16:00,BTCUSDT 永续,8hr,0.01%
2021/9/15 8:00,BTCUSDT 永续,8hr,0.01%
2021/9/15 0:00,BTCUSDT 永续,8hr,0.01%
2021/9/14 16:00,BTCUSDT 永续,8hr,0.01%
2021/9/14 8:00,BTCUSDT 永续,8hr,0.01%
2021/9/14 0:00,BTCUSDT 永续,8hr,0.01%
2021/9/13 16:00,BTCUSDT 永续,8hr,0.01%
2021/9/13 8:00,BTCUSDT 永续,8hr,0.01%
2021/9/13 0:00,BTCUSDT 永续,8hr,0.01%
2021/9/12 16:00,BTCUSDT 永续,8hr,0.01%
2021/9/12 8:00,BTCUSDT 永续,8hr,0.01%
2021/9/12 0:00,BTCUSDT 永续,8hr,0.01%
2021/9/11 16:00,BTCUSDT 永续,8hr,0.01%
2021/9/11 8:00,BTCUSDT 永续,8hr,0.01%
2021/9/11 0:00,BTCUSDT 永续,8hr,0.01%
2021/9/10 16:00,BTCUSDT 永续,8hr,0.01%
2021/9/10 8:00,BTCUSDT 永续,8hr,0.01%
2021/9/10 0:00,BTCUSDT 永续,8hr,0.01%
2021/9/9 16:00,BTCUSDT 永续,8hr,0.01%
2021/9/9 8:00,BTCUSDT 永续,8hr,0.01%
2021/9/9 0:00,BTCUSDT 永续,8hr,0.01%
2021/9/8 16:00,BTCUSDT 永续,8hr,0.01%
2021/9/8 8:00,BTCUSDT 永续,8hr,0.01%
2021/9/8 0:00,BTCUSDT 永续,8hr,0.02%
2021/9/7 16:00,BTCUSDT 永续,8hr,0.01%
2021/9/7 8:00,BTCUSDT 永续,8hr,0.01%
2021/9/7 0:00,BTCUSDT 永续,8hr,0.01%
2021/9/6 16:00,BTCUSDT 永续,8hr,0.01%
2021/9/6 8:00,BTCUSDT 永续,8hr,0.03%
2021/9/6 0:00,BTCUSDT 永续,8hr,0.01%
2021/9/5 16:00,BTCUSDT 永续,8hr,0.01%
2021/9/5 8:00,BTCUSDT 永续,8hr,0.01%
2021/9/5 0:00,BTCUSDT 永续,8hr,0.02%
2021/9/4 16:00,BTCUSDT 永续,8hr,0.01%
2021/9/4 8:00,BTCUSDT 永续,8hr,0.04%
2021/9/4 0:00,BTCUSDT 永续,8hr,0.02%
2021/9/3 16:00,BTCUSDT 永续,8hr,0.03%
2021/9/3 8:00,BTCUSDT 永续,8hr,0.05%
2021/9/3 0:00,BTCUSDT 永续,8hr,0.06%
2021/9/2 16:00,BTCUSDT 永续,8hr,0.05%
2021/9/2 8:00,BTCUSDT 永续,8hr,0.04%
2021/9/2 0:00,BTCUSDT 永续,8hr,0.03%
2021/9/1 16:00,BTCUSDT 永续,8hr,0.03%
2021/9/1 8:00,BTCUSDT 永续,8hr,0.04%
2021/9/1 0:00,BTCUSDT 永续,8hr,0.02%
2021/8/31 16:00,BTCUSDT 永续,8hr,0.03%
2021/8/31 8:00,BTCUSDT 永续,8hr,0.04%
2021/8/31 0:00,BTCUSDT 永续,8hr,0.02%
2021/8/30 16:00,BTCUSDT 永续,8hr,0.01%
2021/8/30 8:00,BTCUSDT 永续,8hr,0.01%
2021/8/30 0:00,BTCUSDT 永续,8hr,0.01%
2021/8/29 16:00,BTCUSDT 永续,8hr,0.01%
2021/8/29 8:00,BTCUSDT 永续,8hr,0.01%
2021/8/29 0:00,BTCUSDT 永续,8hr,0.02%
2021/8/28 16:00,BTCUSDT 永续,8hr,0.03%
2021/8/28 8:00,BTCUSDT 永续,8hr,0.01%
2021/8/28 0:00,BTCUSDT 永续,8hr,0.01%
2021/8/27 16:00,BTCUSDT 永续,8hr,0.01%
2021/8/27 8:00,BTCUSDT 永续,8hr,0.01%
2021/8/27 0:00,BTCUSDT 永续,8hr,0.01%
2021/8/26 16:00,BTCUSDT 永续,8hr,0.02%
2021/8/26 8:00,BTCUSDT 永续,8hr,0.01%
2021/8/26 0:00,BTCUSDT 永续,8hr,0.01%
2021/8/25 16:00,BTCUSDT 永续,8hr,0.01%
2021/8/25 8:00,BTCUSDT 永续,8hr,0.02%
2021/8/25 0:00,BTCUSDT 永续,8hr,0.04%
2021/8/24 16:00,BTCUSDT 永续,8hr,0.01%
2021/8/24 8:00,BTCUSDT 永续,8hr,0.03%
2021/8/24 0:00,BTCUSDT 永续,8hr,0.02%
2021/8/23 16:00,BTCUSDT 永续,8hr,0.04%
2021/8/23 8:00,BTCUSDT 永续,8hr,0.01%
2021/8/23 0:00,BTCUSDT 永续,8hr,0.01%
2021/8/22 16:00,BTCUSDT 永续,8hr,0.01%
2021/8/22 8:00,BTCUSDT 永续,8hr,0.01%
2021/8/22 0:00,BTCUSDT 永续,8hr,0.02%
2021/8/21 16:00,BTCUSDT 永续,8hr,0.02%
2021/8/21 8:00,BTCUSDT 永续,8hr,0.01%
2021/8/21 0:00,BTCUSDT 永续,8hr,0.01%
2021/8/20 16:00,BTCUSDT 永续,8hr,0.01%
2021/8/20 8:00,BTCUSDT 永续,8hr,0.01%
2021/8/20 0:00,BTCUSDT 永续,8hr,0.01%
2021/8/19 16:00,BTCUSDT 永续,8hr,0.01%
2021/8/19 8:00,BTCUSDT 永续,8hr,0.01%
2021/8/19 0:00,BTCUSDT 永续,8hr,0.01%
2021/8/18 16:00,BTCUSDT 永续,8hr,0.01%
2021/8/18 8:00,BTCUSDT 永续,8hr,0.01%
2021/8/18 0:00,BTCUSDT 永续,8hr,0.01%
2021/8/17 16:00,BTCUSDT 永续,8hr,0.01%
2021/8/17 8:00,BTCUSDT 永续,8hr,0.01%
2021/8/17 0:00,BTCUSDT 永续,8hr,0.01%
2021/8/16 16:00,BTCUSDT 永续,8hr,0.01%
2021/8/16 8:00,BTCUSDT 永续,8hr,0.01%
2021/8/16 0:00,BTCUSDT 永续,8hr,0.01%
2021/8/15 16:00,BTCUSDT 永续,8hr,0.01%
2021/8/15 8:00,BTCUSDT 永续,8hr,0.01%
2021/8/15 0:00,BTCUSDT 永续,8hr,0.01%
2021/8/14 16:00,BTCUSDT 永续,8hr,0.01%
2021/8/14 8:00,BTCUSDT 永续,8hr,0.01%
2021/8/14 0:00,BTCUSDT 永续,8hr,0.01%
2021/8/13 16:00,BTCUSDT 永续,8hr,0.01%
2021/8/13 8:00,BTCUSDT 永续,8hr,0.01%
2021/8/13 0:00,BTCUSDT 永续,8hr,0.01%
2021/8/12 16:00,BTCUSDT 永续,8hr,0.01%
2021/8/12 8:00,BTCUSDT 永续,8hr,0.01%
2021/8/12 0:00,BTCUSDT 永续,8hr,0.01%
2021/8/11 16:00,BTCUSDT 永续,8hr,0.01%
2021/8/11 8:00,BTCUSDT 永续,8hr,0.01%
2021/8/11 0:00,BTCUSDT 永续,8hr,0.01%
2021/8/10 16:00,BTCUSDT 永续,8hr,0.01%
2021/8/10 8:00,BTCUSDT 永续,8hr,0.01%
2021/8/10 0:00,BTCUSDT 永续,8hr,0.01%
2021/8/9 16:00,BTCUSDT 永续,8hr,0.01%
2021/8/9 8:00,BTCUSDT 永续,8hr,0.01%
2021/8/9 0:00,BTCUSDT 永续,8hr,0.01%
2021/8/8 16:00,BTCUSDT 永续,8hr,0.01%
2021/8/8 8:00,BTCUSDT 永续,8hr,0.01%
2021/8/8 0:00,BTCUSDT 永续,8hr,0.01%
2021/8/7 16:00,BTCUSDT 永续,8hr,0.01%
2021/8/7 8:00,BTCUSDT 永续,8hr,0.01%
2021/8/7 0:00,BTCUSDT 永续,8hr,0.01%
2021/8/6 16:00,BTCUSDT 永续,8hr,0.01%
2021/8/6 8:00,BTCUSDT 永续,8hr,0.01%
2021/8/6 0:00,BTCUSDT 永续,8hr,0.01%
2021/8/5 16:00,BTCUSDT 永续,8hr,0.01%
2021/8/5 8:00,BTCUSDT 永续,8hr,0.01%
2021/8/5 0:00,BTCUSDT 永续,8hr,0.00%
2021/8/4 16:00,BTCUSDT 永续,8hr,0.01%
2021/8/4 8:00,BTCUSDT 永续,8hr,0.01%
2021/8/4 0:00,BTCUSDT 永续,8hr,0.01%
2021/8/3 16:00,BTCUSDT 永续,8hr,0.01%
2021/8/3 8:00,BTCUSDT 永续,8hr,0.01%
2021/8/3 0:00,BTCUSDT 永续,8hr,0.01%
2021/8/2 16:00,BTCUSDT 永续,8hr,0.01%
2021/8/2 8:00,BTCUSDT 永续,8hr,0.01%
2021/8/2 0:00,BTCUSDT 永续,8hr,0.01%
2021/8/1 16:00,BTCUSDT 永续,8hr,0.01%
2021/8/1 8:00,BTCUSDT 永续,8hr,0.01%
2021/8/1 0:00,BTCUSDT 永续,8hr,0.01%
2021/7/31 16:00,BTCUSDT 永续,8hr,0.01%
2021/7/31 8:00,BTCUSDT 永续,8hr,0.01%
2021/7/31 0:00,BTCUSDT 永续,8hr,0.00%
2021/7/30 16:00,BTCUSDT 永续,8hr,0.01%
2021/7/30 8:00,BTCUSDT 永续,8hr,0.01%
2021/7/30 0:00,BTCUSDT 永续,8hr,0.01%
2021/7/29 16:00,BTCUSDT 永续,8hr,0.01%
2021/7/29 8:00,BTCUSDT 永续,8hr,0.00%
2021/7/29 0:00,BTCUSDT 永续,8hr,0.01%
2021/7/28 16:00,BTCUSDT 永续,8hr,0.01%
2021/7/28 8:00,BTCUSDT 永续,8hr,0.00%
2021/7/28 0:00,BTCUSDT 永续,8hr,0.00%
2021/7/27 16:00,BTCUSDT 永续,8hr,0.01%
2021/7/27 8:00,BTCUSDT 永续,8hr,0.01%
2021/7/27 0:00,BTCUSDT 永续,8hr,0.01%
2021/7/26 16:00,BTCUSDT 永续,8hr,0.01%
2021/7/26 8:00,BTCUSDT 永续,8hr,-0.05%
2021/7/26 0:00,BTCUSDT 永续,8hr,-0.01%
2021/7/25 16:00,BTCUSDT 永续,8hr,-0.02%
2021/7/25 8:00,BTCUSDT 永续,8hr,-0.03%
2021/7/25 0:00,BTCUSDT 永续,8hr,-0.01%
2021/7/24 16:00,BTCUSDT 永续,8hr,-0.01%
2021/7/24 8:00,BTCUSDT 永续,8hr,-0.01%
2021/7/24 0:00,BTCUSDT 永续,8hr,0.00%
2021/7/23 16:00,BTCUSDT 永续,8hr,-0.02%
2021/7/23 8:00,BTCUSDT 永续,8hr,0.00%
2021/7/23 0:00,BTCUSDT 永续,8hr,0.00%
2021/7/22 16:00,BTCUSDT 永续,8hr,0.00%
2021/7/22 8:00,BTCUSDT 永续,8hr,-0.02%
2021/7/22 0:00,BTCUSDT 永续,8hr,-0.03%
2021/7/21 16:00,BTCUSDT 永续,8hr,-0.04%
2021/7/21 8:00,BTCUSDT 永续,8hr,-0.02%
2021/7/21 0:00,BTCUSDT 永续,8hr,-0.02%
2021/7/20 16:00,BTCUSDT 永续,8hr,-0.01%
2021/7/20 8:00,BTCUSDT 永续,8hr,-0.02%
2021/7/20 0:00,BTCUSDT 永续,8hr,0.00%
2021/7/19 16:00,BTCUSDT 永续,8hr,0.00%
2021/7/19 8:00,BTCUSDT 永续,8hr,-0.01%
2021/7/19 0:00,BTCUSDT 永续,8hr,0.00%
2021/7/18 16:00,BTCUSDT 永续,8hr,0.01%
2021/7/18 8:00,BTCUSDT 永续,8hr,0.01%
2021/7/18 0:00,BTCUSDT 永续,8hr,0.00%
2021/7/17 16:00,BTCUSDT 永续,8hr,0.00%
2021/7/17 8:00,BTCUSDT 永续,8hr,0.01%
2021/7/17 0:00,BTCUSDT 永续,8hr,0.00%
2021/7/16 16:00,BTCUSDT 永续,8hr,0.01%
2021/7/16 8:00,BTCUSDT 永续,8hr,-0.01%
2021/7/16 0:00,BTCUSDT 永续,8hr,0.00%
2021/7/15 16:00,BTCUSDT 永续,8hr,0.01%
2021/7/15 8:00,BTCUSDT 永续,8hr,0.00%
2021/7/15 0:00,BTCUSDT 永续,8hr,-0.01%
2021/7/14 16:00,BTCUSDT 永续,8hr,0.00%
2021/7/14 8:00,BTCUSDT 永续,8hr,0.01%
2021/7/14 0:00,BTCUSDT 永续,8hr,0.00%
2021/7/13 16:00,BTCUSDT 永续,8hr,0.01%
2021/7/13 8:00,BTCUSDT 永续,8hr,0.01%
2021/7/13 0:00,BTCUSDT 永续,8hr,0.01%
2021/7/12 16:00,BTCUSDT 永续,8hr,0.00%
2021/7/12 8:00,BTCUSDT 永续,8hr,0.01%
2021/7/12 0:00,BTCUSDT 永续,8hr,0.00%
2021/7/11 16:00,BTCUSDT 永续,8hr,0.01%
2021/7/11 8:00,BTCUSDT 永续,8hr,0.01%
2021/7/11 0:00,BTCUSDT 永续,8hr,0.00%
2021/7/10 16:00,BTCUSDT 永续,8hr,0.01%
2021/7/10 8:00,BTCUSDT 永续,8hr,0.00%
2021/7/10 0:00,BTCUSDT 永续,8hr,-0.02%
2021/7/9 16:00,BTCUSDT 永续,8hr,-0.02%
2021/7/9 8:00,BTCUSDT 永续,8hr,-0.01%
2021/7/9 0:00,BTCUSDT 永续,8hr,-0.03%
2021/7/8 16:00,BTCUSDT 永续,8hr,-0.01%
2021/7/8 8:00,BTCUSDT 永续,8hr,0.00%
2021/7/8 0:00,BTCUSDT 永续,8hr,0.01%
2021/7/7 16:00,BTCUSDT 永续,8hr,0.01%
2021/7/7 8:00,BTCUSDT 永续,8hr,-0.01%
2021/7/7 0:00,BTCUSDT 永续,8hr,-0.01%
2021/7/6 16:00,BTCUSDT 永续,8hr,-0.01%
2021/7/6 8:00,BTCUSDT 永续,8hr,0.00%
2021/7/6 0:00,BTCUSDT 永续,8hr,-0.01%
2021/7/5 16:00,BTCUSDT 永续,8hr,0.01%
2021/7/5 8:00,BTCUSDT 永续,8hr,0.01%
2021/7/5 0:00,BTCUSDT 永续,8hr,0.00%
2021/7/4 16:00,BTCUSDT 永续,8hr,-0.02%
2021/7/4 8:00,BTCUSDT 永续,8hr,0.00%
2021/7/4 0:00,BTCUSDT 永续,8hr,0.00%
2021/7/3 16:00,BTCUSDT 永续,8hr,-0.01%
2021/7/3 8:00,BTCUSDT 永续,8hr,0.00%
2021/7/3 0:00,BTCUSDT 永续,8hr,-0.01%
2021/7/2 16:00,BTCUSDT 永续,8hr,0.01%
2021/7/2 8:00,BTCUSDT 永续,8hr,0.01%
2021/7/2 0:00,BTCUSDT 永续,8hr,0.01%
2021/7/1 16:00,BTCUSDT 永续,8hr,0.01%
2021/7/1 8:00,BTCUSDT 永续,8hr,0.01%
2021/7/1 0:00,BTCUSDT 永续,8hr,0.01%
2021/6/30 16:00,BTCUSDT 永续,8hr,0.01%
2021/6/30 8:00,BTCUSDT 永续,8hr,0.01%
2021/6/30 0:00,BTCUSDT 永续,8hr,0.00%
2021/6/29 16:00,BTCUSDT 永续,8hr,0.01%
2021/6/29 8:00,BTCUSDT 永续,8hr,0.01%
2021/6/29 0:00,BTCUSDT 永续,8hr,0.01%
2021/6/28 16:00,BTCUSDT 永续,8hr,0.00%
2021/6/28 8:00,BTCUSDT 永续,8hr,0.00%
2021/6/28 0:00,BTCUSDT 永续,8hr,-0.03%
2021/6/27 16:00,BTCUSDT 永续,8hr,-0.05%
2021/6/27 8:00,BTCUSDT 永续,8hr,-0.02%
2021/6/27 0:00,BTCUSDT 永续,8hr,-0.01%
2021/6/26 16:00,BTCUSDT 永续,8hr,-0.01%
2021/6/26 8:00,BTCUSDT 永续,8hr,-0.01%
2021/6/26 0:00,BTCUSDT 永续,8hr,0.01%
2021/6/25 16:00,BTCUSDT 永续,8hr,0.01%
2021/6/25 8:00,BTCUSDT 永续,8hr,0.00%
2021/6/25 0:00,BTCUSDT 永续,8hr,-0.02%
2021/6/24 16:00,BTCUSDT 永续,8hr,0.01%
2021/6/24 8:00,BTCUSDT 永续,8hr,-0.01%
2021/6/24 0:00,BTCUSDT 永续,8hr,-0.02%
2021/6/23 16:00,BTCUSDT 永续,8hr,-0.01%
2021/6/23 8:00,BTCUSDT 永续,8hr,0.00%
2021/6/23 0:00,BTCUSDT 永续,8hr,-0.03%
2021/6/22 16:00,BTCUSDT 永续,8hr,0.01%
2021/6/22 8:00,BTCUSDT 永续,8hr,0.01%
2021/6/22 0:00,BTCUSDT 永续,8hr,-0.02%
2021/6/21 16:00,BTCUSDT 永续,8hr,0.01%
2021/6/21 8:00,BTCUSDT 永续,8hr,0.00%
2021/6/21 0:00,BTCUSDT 永续,8hr,-0.02%
2021/6/20 16:00,BTCUSDT 永续,8hr,0.01%
2021/6/20 8:00,BTCUSDT 永续,8hr,0.01%
2021/6/20 0:00,BTCUSDT 永续,8hr,0.01%
2021/6/19 16:00,BTCUSDT 永续,8hr,-0.01%
2021/6/19 8:00,BTCUSDT 永续,8hr,-0.01%
2021/6/19 0:00,BTCUSDT 永续,8hr,0.01%
2021/6/18 16:00,BTCUSDT 永续,8hr,0.00%
2021/6/18 8:00,BTCUSDT 永续,8hr,0.01%
2021/6/18 0:00,BTCUSDT 永续,8hr,0.01%
2021/6/17 16:00,BTCUSDT 永续,8hr,0.01%
2021/6/17 8:00,BTCUSDT 永续,8hr,0.01%
2021/6/17 0:00,BTCUSDT 永续,8hr,0.01%
2021/6/16 16:00,BTCUSDT 永续,8hr,0.01%
2021/6/16 8:00,BTCUSDT 永续,8hr,0.01%
2021/6/16 0:00,BTCUSDT 永续,8hr,0.01%
2021/6/15 16:00,BTCUSDT 永续,8hr,0.01%
2021/6/15 8:00,BTCUSDT 永续,8hr,0.01%
2021/6/15 0:00,BTCUSDT 永续,8hr,0.00%
2021/6/14 16:00,BTCUSDT 永续,8hr,0.01%
2021/6/14 8:00,BTCUSDT 永续,8hr,0.01%
2021/6/14 0:00,BTCUSDT 永续,8hr,-0.01%
2021/6/13 16:00,BTCUSDT 永续,8hr,0.00%
2021/6/13 8:00,BTCUSDT 永续,8hr,0.01%
2021/6/13 0:00,BTCUSDT 永续,8hr,0.00%
2021/6/12 16:00,BTCUSDT 永续,8hr,0.01%
2021/6/12 8:00,BTCUSDT 永续,8hr,-0.01%
2021/6/12 0:00,BTCUSDT 永续,8hr,0.00%
2021/6/11 16:00,BTCUSDT 永续,8hr,0.00%
2021/6/11 8:00,BTCUSDT 永续,8hr,0.01%
2021/6/11 0:00,BTCUSDT 永续,8hr,0.01%
2021/6/10 16:00,BTCUSDT 永续,8hr,0.01%
2021/6/10 8:00,BTCUSDT 永续,8hr,-0.02%
2021/6/10 0:00,BTCUSDT 永续,8hr,-0.01%
2021/6/9 16:00,BTCUSDT 永续,8hr,-0.01%
2021/6/9 8:00,BTCUSDT 永续,8hr,0.01%
2021/6/9 0:00,BTCUSDT 永续,8hr,0.01%
2021/6/8 16:00,BTCUSDT 永续,8hr,0.00%
2021/6/8 8:00,BTCUSDT 永续,8hr,0.01%
2021/6/8 0:00,BTCUSDT 永续,8hr,0.01%
2021/6/7 16:00,BTCUSDT 永续,8hr,0.01%
2021/6/7 8:00,BTCUSDT 永续,8hr,0.01%
2021/6/7 0:00,BTCUSDT 永续,8hr,0.01%
2021/6/6 16:00,BTCUSDT 永续,8hr,0.01%
2021/6/6 8:00,BTCUSDT 永续,8hr,0.01%
2021/6/6 0:00,BTCUSDT 永续,8hr,0.01%
2021/6/5 16:00,BTCUSDT 永续,8hr,0.01%
2021/6/5 8:00,BTCUSDT 永续,8hr,0.01%
2021/6/5 0:00,BTCUSDT 永续,8hr,0.01%
2021/6/4 16:00,BTCUSDT 永续,8hr,0.02%
2021/6/4 8:00,BTCUSDT 永续,8hr,0.01%
2021/6/4 0:00,BTCUSDT 永续,8hr,0.01%
2021/6/3 16:00,BTCUSDT 永续,8hr,0.01%
2021/6/3 8:00,BTCUSDT 永续,8hr,0.01%
2021/6/3 0:00,BTCUSDT 永续,8hr,0.01%
2021/6/2 16:00,BTCUSDT 永续,8hr,0.01%
2021/6/2 8:00,BTCUSDT 永续,8hr,0.01%
2021/6/2 0:00,BTCUSDT 永续,8hr,0.01%
2021/6/1 16:00,BTCUSDT 永续,8hr,0.01%
2021/6/1 8:00,BTCUSDT 永续,8hr,0.01%
2021/6/1 0:00,BTCUSDT 永续,8hr,0.01%
2021/5/31 16:00,BTCUSDT 永续,8hr,0.01%
2021/5/31 8:00,BTCUSDT 永续,8hr,0.01%
2021/5/31 0:00,BTCUSDT 永续,8hr,0.01%
2021/5/30 16:00,BTCUSDT 永续,8hr,0.01%
2021/5/30 8:00,BTCUSDT 永续,8hr,0.01%
2021/5/30 0:00,BTCUSDT 永续,8hr,0.01%
2021/5/29 16:00,BTCUSDT 永续,8hr,0.01%
2021/5/29 8:00,BTCUSDT 永续,8hr,0.01%
2021/5/29 0:00,BTCUSDT 永续,8hr,0.01%
2021/5/28 16:00,BTCUSDT 永续,8hr,0.01%
2021/5/28 8:00,BTCUSDT 永续,8hr,0.01%
2021/5/28 0:00,BTCUSDT 永续,8hr,0.01%
2021/5/27 16:00,BTCUSDT 永续,8hr,0.01%
2021/5/27 8:00,BTCUSDT 永续,8hr,0.01%
2021/5/27 0:00,BTCUSDT 永续,8hr,0.01%
2021/5/26 16:00,BTCUSDT 永续,8hr,0.01%
2021/5/26 8:00,BTCUSDT 永续,8hr,0.01%
2021/5/26 0:00,BTCUSDT 永续,8hr,0.01%
2021/5/25 16:00,BTCUSDT 永续,8hr,0.01%
2021/5/25 8:00,BTCUSDT 永续,8hr,0.01%
2021/5/25 0:00,BTCUSDT 永续,8hr,0.00%
2021/5/24 16:00,BTCUSDT 永续,8hr,-0.01%
2021/5/24 8:00,BTCUSDT 永续,8hr,-0.01%
2021/5/24 0:00,BTCUSDT 永续,8hr,0.00%
2021/5/23 16:00,BTCUSDT 永续,8hr,0.00%
2021/5/23 8:00,BTCUSDT 永续,8hr,-0.01%
2021/5/23 0:00,BTCUSDT 永续,8hr,0.01%
2021/5/22 16:00,BTCUSDT 永续,8hr,0.01%
2021/5/22 8:00,BTCUSDT 永续,8hr,-0.02%
2021/5/22 0:00,BTCUSDT 永续,8hr,0.01%
2021/5/21 16:00,BTCUSDT 永续,8hr,0.00%
2021/5/21 8:00,BTCUSDT 永续,8hr,0.01%
2021/5/21 0:00,BTCUSDT 永续,8hr,0.01%
2021/5/20 16:00,BTCUSDT 永续,8hr,0.01%
2021/5/20 8:00,BTCUSDT 永续,8hr,0.01%
2021/5/20 0:00,BTCUSDT 永续,8hr,-0.09%
2021/5/19 16:00,BTCUSDT 永续,8hr,0.04%
2021/5/19 8:00,BTCUSDT 永续,8hr,0.01%
2021/5/19 0:00,BTCUSDT 永续,8hr,0.02%
2021/5/18 16:00,BTCUSDT 永续,8hr,0.01%
2021/5/18 8:00,BTCUSDT 永续,8hr,0.05%
2021/5/18 0:00,BTCUSDT 永续,8hr,0.06%
2021/5/17 16:00,BTCUSDT 永续,8hr,0.06%
2021/5/17 8:00,BTCUSDT 永续,8hr,0.01%
2021/5/17 0:00,BTCUSDT 永续,8hr,0.04%
2021/5/16 16:00,BTCUSDT 永续,8hr,0.02%
2021/5/16 8:00,BTCUSDT 永续,8hr,0.04%
2021/5/16 0:00,BTCUSDT 永续,8hr,0.02%
2021/5/15 16:00,BTCUSDT 永续,8hr,0.01%
2021/5/15 8:00,BTCUSDT 永续,8hr,0.01%
2021/5/15 0:00,BTCUSDT 永续,8hr,0.02%
2021/5/14 16:00,BTCUSDT 永续,8hr,0.04%
2021/5/14 8:00,BTCUSDT 永续,8hr,0.04%
2021/5/14 0:00,BTCUSDT 永续,8hr,0.02%
2021/5/13 16:00,BTCUSDT 永续,8hr,0.01%
2021/5/13 8:00,BTCUSDT 永续,8hr,0.01%
2021/5/13 0:00,BTCUSDT 永续,8hr,0.04%
2021/5/12 16:00,BTCUSDT 永续,8hr,0.03%
2021/5/12 8:00,BTCUSDT 永续,8hr,0.02%
2021/5/12 0:00,BTCUSDT 永续,8hr,0.03%
2021/5/11 16:00,BTCUSDT 永续,8hr,0.05%
2021/5/11 8:00,BTCUSDT 永续,8hr,0.04%
2021/5/11 0:00,BTCUSDT 永续,8hr,0.10%
2021/5/10 16:00,BTCUSDT 永续,8hr,0.09%
2021/5/10 8:00,BTCUSDT 永续,8hr,0.03%
2021/5/10 0:00,BTCUSDT 永续,8hr,0.06%
2021/5/9 16:00,BTCUSDT 永续,8hr,0.04%
2021/5/9 8:00,BTCUSDT 永续,8hr,0.05%
2021/5/9 0:00,BTCUSDT 永续,8hr,0.05%
2021/5/8 16:00,BTCUSDT 永续,8hr,0.05%
2021/5/8 8:00,BTCUSDT 永续,8hr,0.06%
2021/5/8 0:00,BTCUSDT 永续,8hr,0.02%
2021/5/7 16:00,BTCUSDT 永续,8hr,0.05%
2021/5/7 8:00,BTCUSDT 永续,8hr,0.04%
2021/5/7 0:00,BTCUSDT 永续,8hr,0.09%
2021/5/6 16:00,BTCUSDT 永续,8hr,0.06%
2021/5/6 8:00,BTCUSDT 永续,8hr,0.08%
2021/5/6 0:00,BTCUSDT 永续,8hr,0.01%
2021/5/5 16:00,BTCUSDT 永续,8hr,0.04%
2021/5/5 8:00,BTCUSDT 永续,8hr,0.04%
2021/5/5 0:00,BTCUSDT 永续,8hr,0.07%
2021/5/4 16:00,BTCUSDT 永续,8hr,0.01%
2021/5/4 8:00,BTCUSDT 永续,8hr,0.05%
2021/5/4 0:00,BTCUSDT 永续,8hr,0.07%
2021/5/3 16:00,BTCUSDT 永续,8hr,0.04%
2021/5/3 8:00,BTCUSDT 永续,8hr,0.04%
2021/5/3 0:00,BTCUSDT 永续,8hr,0.05%
2021/5/2 16:00,BTCUSDT 永续,8hr,0.05%
2021/5/2 8:00,BTCUSDT 永续,8hr,0.02%
2021/5/2 0:00,BTCUSDT 永续,8hr,0.03%
2021/5/1 16:00,BTCUSDT 永续,8hr,0.01%
2021/5/1 8:00,BTCUSDT 永续,8hr,0.01%
2021/5/1 0:00,BTCUSDT 永续,8hr,0.01%
2021/4/30 16:00,BTCUSDT 永续,8hr,0.01%
2021/4/30 8:00,BTCUSDT 永续,8hr,0.01%
2021/4/30 0:00,BTCUSDT 永续,8hr,0.01%
2021/4/29 16:00,BTCUSDT 永续,8hr,0.01%
2021/4/29 8:00,BTCUSDT 永续,8hr,0.01%
2021/4/29 0:00,BTCUSDT 永续,8hr,0.01%
2021/4/28 16:00,BTCUSDT 永续,8hr,0.01%
2021/4/28 8:00,BTCUSDT 永续,8hr,0.01%
2021/4/28 0:00,BTCUSDT 永续,8hr,0.01%
2021/4/27 16:00,BTCUSDT 永续,8hr,0.01%
2021/4/27 8:00,BTCUSDT 永续,8hr,0.01%
2021/4/27 0:00,BTCUSDT 永续,8hr,0.01%
2021/4/26 16:00,BTCUSDT 永续,8hr,0.01%
2021/4/26 8:00,BTCUSDT 永续,8hr,0.01%
2021/4/26 0:00,BTCUSDT 永续,8hr,0.01%
2021/4/25 16:00,BTCUSDT 永续,8hr,0.04%
2021/4/25 8:00,BTCUSDT 永续,8hr,0.02%
2021/4/25 0:00,BTCUSDT 永续,8hr,0.02%
2021/4/24 16:00,BTCUSDT 永续,8hr,0.03%
2021/4/24 8:00,BTCUSDT 永续,8hr,0.01%
2021/4/24 0:00,BTCUSDT 永续,8hr,0.01%
2021/4/23 16:00,BTCUSDT 永续,8hr,0.05%
2021/4/23 8:00,BTCUSDT 永续,8hr,0.01%
2021/4/23 0:00,BTCUSDT 永续,8hr,0.01%
2021/4/22 16:00,BTCUSDT 永续,8hr,0.01%
2021/4/22 8:00,BTCUSDT 永续,8hr,0.01%
2021/4/22 0:00,BTCUSDT 永续,8hr,0.01%
2021/4/21 16:00,BTCUSDT 永续,8hr,0.01%
2021/4/21 8:00,BTCUSDT 永续,8hr,0.01%
2021/4/21 0:00,BTCUSDT 永续,8hr,0.01%
2021/4/20 16:00,BTCUSDT 永续,8hr,0.01%
2021/4/20 8:00,BTCUSDT 永续,8hr,0.01%
2021/4/20 0:00,BTCUSDT 永续,8hr,0.01%
2021/4/19 16:00,BTCUSDT 永续,8hr,0.01%
2021/4/19 8:00,BTCUSDT 永续,8hr,0.01%
2021/4/19 0:00,BTCUSDT 永续,8hr,0.01%
2021/4/18 16:00,BTCUSDT 永续,8hr,0.06%
2021/4/18 8:00,BTCUSDT 永续,8hr,0.08%
2021/4/18 0:00,BTCUSDT 永续,8hr,0.09%
2021/4/17 16:00,BTCUSDT 永续,8hr,0.05%
2021/4/17 8:00,BTCUSDT 永续,8hr,0.05%
2021/4/17 0:00,BTCUSDT 永续,8hr,0.12%
2021/4/16 16:00,BTCUSDT 永续,8hr,0.12%
2021/4/16 8:00,BTCUSDT 永续,8hr,0.11%
2021/4/16 0:00,BTCUSDT 永续,8hr,0.11%
2021/4/15 16:00,BTCUSDT 永续,8hr,0.08%
2021/4/15 8:00,BTCUSDT 永续,8hr,0.08%
2021/4/15 0:00,BTCUSDT 永续,8hr,0.10%
2021/4/14 16:00,BTCUSDT 永续,8hr,0.11%
2021/4/14 8:00,BTCUSDT 永续,8hr,0.09%
2021/4/14 0:00,BTCUSDT 永续,8hr,0.12%
2021/4/13 16:00,BTCUSDT 永续,8hr,0.09%
2021/4/13 8:00,BTCUSDT 永续,8hr,0.08%
2021/4/13 0:00,BTCUSDT 永续,8hr,0.09%
2021/4/12 16:00,BTCUSDT 永续,8hr,0.11%
2021/4/12 8:00,BTCUSDT 永续,8hr,0.09%
2021/4/12 0:00,BTCUSDT 永续,8hr,0.11%
2021/4/11 16:00,BTCUSDT 永续,8hr,0.10%
2021/4/11 8:00,BTCUSDT 永续,8hr,0.09%
2021/4/11 0:00,BTCUSDT 永续,8hr,0.12%
2021/4/10 16:00,BTCUSDT 永续,8hr,0.15%
2021/4/10 8:00,BTCUSDT 永续,8hr,0.01%
2021/4/10 0:00,BTCUSDT 永续,8hr,0.02%
2021/4/9 16:00,BTCUSDT 永续,8hr,0.03%
2021/4/9 8:00,BTCUSDT 永续,8hr,0.02%
2021/4/9 0:00,BTCUSDT 永续,8hr,0.03%
2021/4/8 16:00,BTCUSDT 永续,8hr,0.02%
2021/4/8 8:00,BTCUSDT 永续,8hr,0.04%
2021/4/8 0:00,BTCUSDT 永续,8hr,0.05%
2021/4/7 16:00,BTCUSDT 永续,8hr,0.05%
2021/4/7 8:00,BTCUSDT 永续,8hr,0.06%
2021/4/7 0:00,BTCUSDT 永续,8hr,0.08%
2021/4/6 16:00,BTCUSDT 永续,8hr,0.06%
2021/4/6 8:00,BTCUSDT 永续,8hr,0.10%
2021/4/6 0:00,BTCUSDT 永续,8hr,0.04%
2021/4/5 16:00,BTCUSDT 永续,8hr,0.04%
2021/4/5 8:00,BTCUSDT 永续,8hr,0.04%
2021/4/5 0:00,BTCUSDT 永续,8hr,0.03%
2021/4/4 16:00,BTCUSDT 永续,8hr,0.05%
2021/4/4 8:00,BTCUSDT 永续,8hr,0.05%
2021/4/4 0:00,BTCUSDT 永续,8hr,0.10%
2021/4/3 16:00,BTCUSDT 永续,8hr,0.11%
2021/4/3 8:00,BTCUSDT 永续,8hr,0.06%
2021/4/3 0:00,BTCUSDT 永续,8hr,0.10%
2021/4/2 16:00,BTCUSDT 永续,8hr,0.11%
2021/4/2 8:00,BTCUSDT 永续,8hr,0.07%
2021/4/2 0:00,BTCUSDT 永续,8hr,0.05%
2021/4/1 16:00,BTCUSDT 永续,8hr,0.10%
2021/4/1 8:00,BTCUSDT 永续,8hr,0.11%
2021/4/1 0:00,BTCUSDT 永续,8hr,0.06%
2021/3/31 16:00,BTCUSDT 永续,8hr,0.07%
2021/3/31 8:00,BTCUSDT 永续,8hr,0.08%
2021/3/31 0:00,BTCUSDT 永续,8hr,0.08%
2021/3/30 16:00,BTCUSDT 永续,8hr,0.03%
2021/3/30 8:00,BTCUSDT 永续,8hr,0.03%
2021/3/30 0:00,BTCUSDT 永续,8hr,0.02%
2021/3/29 16:00,BTCUSDT 永续,8hr,0.01%
2021/3/29 8:00,BTCUSDT 永续,8hr,0.01%
2021/3/29 0:00,BTCUSDT 永续,8hr,0.01%
2021/3/28 16:00,BTCUSDT 永续,8hr,0.01%
2021/3/28 8:00,BTCUSDT 永续,8hr,0.01%
2021/3/28 0:00,BTCUSDT 永续,8hr,0.01%
2021/3/27 16:00,BTCUSDT 永续,8hr,0.01%
2021/3/27 8:00,BTCUSDT 永续,8hr,0.01%
2021/3/27 0:00,BTCUSDT 永续,8hr,0.01%
2021/3/26 16:00,BTCUSDT 永续,8hr,0.01%
2021/3/26 8:00,BTCUSDT 永续,8hr,0.02%
2021/3/26 0:00,BTCUSDT 永续,8hr,0.01%
2021/3/25 16:00,BTCUSDT 永续,8hr,0.01%
2021/3/25 8:00,BTCUSDT 永续,8hr,0.01%
2021/3/25 0:00,BTCUSDT 永续,8hr,0.03%
2021/3/24 16:00,BTCUSDT 永续,8hr,0.02%
2021/3/24 8:00,BTCUSDT 永续,8hr,0.05%
2021/3/24 0:00,BTCUSDT 永续,8hr,0.04%
2021/3/23 16:00,BTCUSDT 永续,8hr,0.03%
2021/3/23 8:00,BTCUSDT 永续,8hr,0.02%
2021/3/23 0:00,BTCUSDT 永续,8hr,0.05%
2021/3/22 16:00,BTCUSDT 永续,8hr,0.05%
2021/3/22 8:00,BTCUSDT 永续,8hr,0.05%
2021/3/22 0:00,BTCUSDT 永续,8hr,0.01%
2021/3/21 16:00,BTCUSDT 永续,8hr,0.04%
2021/3/21 8:00,BTCUSDT 永续,8hr,0.03%
2021/3/21 0:00,BTCUSDT 永续,8hr,0.05%
2021/3/20 16:00,BTCUSDT 永续,8hr,0.04%
2021/3/20 8:00,BTCUSDT 永续,8hr,0.05%
2021/3/20 0:00,BTCUSDT 永续,8hr,0.03%
2021/3/19 16:00,BTCUSDT 永续,8hr,0.01%
2021/3/19 8:00,BTCUSDT 永续,8hr,0.03%
2021/3/19 0:00,BTCUSDT 永续,8hr,0.03%
2021/3/18 16:00,BTCUSDT 永续,8hr,0.03%
2021/3/18 8:00,BTCUSDT 永续,8hr,0.03%
2021/3/18 0:00,BTCUSDT 永续,8hr,0.02%
2021/3/17 16:00,BTCUSDT 永续,8hr,0.02%
2021/3/17 8:00,BTCUSDT 永续,8hr,0.04%
2021/3/17 0:00,BTCUSDT 永续,8hr,0.04%
2021/3/16 16:00,BTCUSDT 永续,8hr,0.04%
2021/3/16 8:00,BTCUSDT 永续,8hr,0.02%
2021/3/16 0:00,BTCUSDT 永续,8hr,0.02%
2021/3/15 16:00,BTCUSDT 永续,8hr,0.11%
2021/3/15 8:00,BTCUSDT 永续,8hr,0.08%
2021/3/15 0:00,BTCUSDT 永续,8hr,0.12%
2021/3/14 16:00,BTCUSDT 永续,8hr,0.08%
2021/3/14 8:00,BTCUSDT 永续,8hr,0.08%
2021/3/14 0:00,BTCUSDT 永续,8hr,0.06%
2021/3/13 16:00,BTCUSDT 永续,8hr,0.06%
2021/3/13 8:00,BTCUSDT 永续,8hr,0.05%
2021/3/13 0:00,BTCUSDT 永续,8hr,0.05%
2021/3/12 16:00,BTCUSDT 永续,8hr,0.07%
2021/3/12 8:00,BTCUSDT 永续,8hr,0.10%
2021/3/12 0:00,BTCUSDT 永续,8hr,0.09%
2021/3/11 16:00,BTCUSDT 永续,8hr,0.10%
2021/3/11 8:00,BTCUSDT 永续,8hr,0.10%
2021/3/11 0:00,BTCUSDT 永续,8hr,0.06%
2021/3/10 16:00,BTCUSDT 永续,8hr,0.05%
2021/3/10 8:00,BTCUSDT 永续,8hr,0.02%
2021/3/10 0:00,BTCUSDT 永续,8hr,0.06%
2021/3/9 16:00,BTCUSDT 永续,8hr,0.04%
2021/3/9 8:00,BTCUSDT 永续,8hr,0.07%
2021/3/9 0:00,BTCUSDT 永续,8hr,0.02%
2021/3/8 16:00,BTCUSDT 永续,8hr,0.01%
2021/3/8 8:00,BTCUSDT 永续,8hr,0.01%
2021/3/8 0:00,BTCUSDT 永续,8hr,0.02%
2021/3/7 16:00,BTCUSDT 永续,8hr,0.01%
2021/3/7 8:00,BTCUSDT 永续,8hr,0.01%
2021/3/7 0:00,BTCUSDT 永续,8hr,0.01%
2021/3/6 16:00,BTCUSDT 永续,8hr,0.01%
2021/3/6 8:00,BTCUSDT 永续,8hr,0.01%
2021/3/6 0:00,BTCUSDT 永续,8hr,0.01%
2021/3/5 16:00,BTCUSDT 永续,8hr,0.01%
2021/3/5 8:00,BTCUSDT 永续,8hr,0.01%
2021/3/5 0:00,BTCUSDT 永续,8hr,0.01%
2021/3/4 16:00,BTCUSDT 永续,8hr,0.01%
2021/3/4 8:00,BTCUSDT 永续,8hr,0.01%
2021/3/4 0:00,BTCUSDT 永续,8hr,0.05%
2021/3/3 16:00,BTCUSDT 永续,8hr,0.01%
2021/3/3 8:00,BTCUSDT 永续,8hr,0.01%
2021/3/3 0:00,BTCUSDT 永续,8hr,0.01%
2021/3/2 16:00,BTCUSDT 永续,8hr,0.01%
2021/3/2 8:00,BTCUSDT 永续,8hr,0.01%
2021/3/2 0:00,BTCUSDT 永续,8hr,0.01%
2021/3/1 16:00,BTCUSDT 永续,8hr,0.01%
2021/3/1 8:00,BTCUSDT 永续,8hr,0.02%
2021/3/1 0:00,BTCUSDT 永续,8hr,0.04%
2021/2/28 16:00,BTCUSDT 永续,8hr,0.01%
2021/2/28 8:00,BTCUSDT 永续,8hr,0.01%
2021/2/28 0:00,BTCUSDT 永续,8hr,0.01%
2021/2/27 16:00,BTCUSDT 永续,8hr,0.04%
2021/2/27 8:00,BTCUSDT 永续,8hr,0.03%
2021/2/27 0:00,BTCUSDT 永续,8hr,0.01%
2021/2/26 16:00,BTCUSDT 永续,8hr,0.01%
2021/2/26 8:00,BTCUSDT 永续,8hr,0.01%
2021/2/26 0:00,BTCUSDT 永续,8hr,0.03%
2021/2/25 16:00,BTCUSDT 永续,8hr,0.02%
2021/2/25 8:00,BTCUSDT 永续,8hr,0.02%
2021/2/25 0:00,BTCUSDT 永续,8hr,0.04%
2021/2/24 16:00,BTCUSDT 永续,8hr,0.05%
2021/2/24 8:00,BTCUSDT 永续,8hr,0.01%
2021/2/24 0:00,BTCUSDT 永续,8hr,0.01%
2021/2/23 16:00,BTCUSDT 永续,8hr,0.03%
2021/2/23 8:00,BTCUSDT 永续,8hr,0.02%
2021/2/23 0:00,BTCUSDT 永续,8hr,0.08%
2021/2/22 16:00,BTCUSDT 永续,8hr,0.09%
2021/2/22 8:00,BTCUSDT 永续,8hr,0.12%
2021/2/22 0:00,BTCUSDT 永续,8hr,0.13%
2021/2/21 16:00,BTCUSDT 永续,8hr,0.10%
2021/2/21 8:00,BTCUSDT 永续,8hr,0.10%
2021/2/21 0:00,BTCUSDT 永续,8hr,0.12%
2021/2/20 16:00,BTCUSDT 永续,8hr,0.12%
2021/2/20 8:00,BTCUSDT 永续,8hr,0.16%
2021/2/20 0:00,BTCUSDT 永续,8hr,0.13%
2021/2/19 16:00,BTCUSDT 永续,8hr,0.08%
2021/2/19 8:00,BTCUSDT 永续,8hr,0.09%
2021/2/19 0:00,BTCUSDT 永续,8hr,0.13%
2021/2/18 16:00,BTCUSDT 永续,8hr,0.15%
2021/2/18 8:00,BTCUSDT 永续,8hr,0.13%
2021/2/18 0:00,BTCUSDT 永续,8hr,0.15%
2021/2/17 16:00,BTCUSDT 永续,8hr,0.09%
2021/2/17 8:00,BTCUSDT 永续,8hr,0.10%
2021/2/17 0:00,BTCUSDT 永续,8hr,0.14%
2021/2/16 16:00,BTCUSDT 永续,8hr,0.12%
2021/2/16 8:00,BTCUSDT 永续,8hr,0.10%
2021/2/16 0:00,BTCUSDT 永续,8hr,0.07%
2021/2/15 16:00,BTCUSDT 永续,8hr,0.04%
2021/2/15 8:00,BTCUSDT 永续,8hr,0.12%
2021/2/15 0:00,BTCUSDT 永续,8hr,0.15%
2021/2/14 16:00,BTCUSDT 永续,8hr,0.15%
2021/2/14 8:00,BTCUSDT 永续,8hr,0.09%
2021/2/14 0:00,BTCUSDT 永续,8hr,0.08%
2021/2/13 16:00,BTCUSDT 永续,8hr,0.14%
2021/2/13 8:00,BTCUSDT 永续,8hr,0.14%
2021/2/13 0:00,BTCUSDT 永续,8hr,0.11%
2021/2/12 16:00,BTCUSDT 永续,8hr,0.13%
2021/2/12 8:00,BTCUSDT 永续,8hr,0.13%
2021/2/12 0:00,BTCUSDT 永续,8hr,0.17%
2021/2/11 16:00,BTCUSDT 永续,8hr,0.08%
2021/2/11 8:00,BTCUSDT 永续,8hr,0.08%
2021/2/11 0:00,BTCUSDT 永续,8hr,0.11%
2021/2/10 16:00,BTCUSDT 永续,8hr,0.18%
2021/2/10 8:00,BTCUSDT 永续,8hr,0.12%
2021/2/10 0:00,BTCUSDT 永续,8hr,0.16%
2021/2/9 16:00,BTCUSDT 永续,8hr,0.19%
2021/2/9 8:00,BTCUSDT 永续,8hr,0.13%
2021/2/9 0:00,BTCUSDT 永续,8hr,0.25%
2021/2/8 16:00,BTCUSDT 永续,8hr,0.06%
2021/2/8 8:00,BTCUSDT 永续,8hr,0.06%
2021/2/8 0:00,BTCUSDT 永续,8hr,0.11%
2021/2/7 16:00,BTCUSDT 永续,8hr,0.07%
2021/2/7 8:00,BTCUSDT 永续,8hr,0.16%
2021/2/7 0:00,BTCUSDT 永续,8hr,0.10%
2021/2/6 16:00,BTCUSDT 永续,8hr,0.07%
2021/2/6 8:00,BTCUSDT 永续,8hr,0.03%
2021/2/6 0:00,BTCUSDT 永续,8hr,0.10%
2021/2/5 16:00,BTCUSDT 永续,8hr,0.07%
2021/2/5 8:00,BTCUSDT 永续,8hr,0.06%
2021/2/5 0:00,BTCUSDT 永续,8hr,0.06%
2021/2/4 16:00,BTCUSDT 永续,8hr,0.07%
2021/2/4 8:00,BTCUSDT 永续,8hr,0.03%
2021/2/4 0:00,BTCUSDT 永续,8hr,0.08%
2021/2/3 16:00,BTCUSDT 永续,8hr,0.08%
2021/2/3 8:00,BTCUSDT 永续,8hr,0.08%
2021/2/3 0:00,BTCUSDT 永续,8hr,0.12%
2021/2/2 16:00,BTCUSDT 永续,8hr,0.04%
2021/2/2 8:00,BTCUSDT 永续,8hr,0.04%
2021/2/2 0:00,BTCUSDT 永续,8hr,0.07%
2021/2/1 16:00,BTCUSDT 永续,8hr,0.04%
2021/2/1 8:00,BTCUSDT 永续,8hr,0.01%
2021/2/1 0:00,BTCUSDT 永续,8hr,0.04%
2021/1/31 16:00,BTCUSDT 永续,8hr,0.05%
2021/1/31 8:00,BTCUSDT 永续,8hr,0.05%
2021/1/31 0:00,BTCUSDT 永续,8hr,0.05%
2021/1/30 16:00,BTCUSDT 永续,8hr,0.03%
2021/1/30 8:00,BTCUSDT 永续,8hr,0.04%
2021/1/30 0:00,BTCUSDT 永续,8hr,0.17%
2021/1/29 16:00,BTCUSDT 永续,8hr,0.06%
2021/1/29 8:00,BTCUSDT 永续,8hr,0.01%
2021/1/29 0:00,BTCUSDT 永续,8hr,0.02%
2021/1/28 16:00,BTCUSDT 永续,8hr,0.01%
2021/1/28 8:00,BTCUSDT 永续,8hr,0.01%
2021/1/28 0:00,BTCUSDT 永续,8hr,0.01%
2021/1/27 16:00,BTCUSDT 永续,8hr,0.01%
2021/1/27 8:00,BTCUSDT 永续,8hr,0.01%
2021/1/27 0:00,BTCUSDT 永续,8hr,0.01%
2021/1/26 16:00,BTCUSDT 永续,8hr,0.01%
2021/1/26 8:00,BTCUSDT 永续,8hr,0.01%
2021/1/26 0:00,BTCUSDT 永续,8hr,0.04%
2021/1/25 16:00,BTCUSDT 永续,8hr,0.05%
2021/1/25 8:00,BTCUSDT 永续,8hr,0.01%
2021/1/25 0:00,BTCUSDT 永续,8hr,0.04%
2021/1/24 16:00,BTCUSDT 永续,8hr,0.01%
2021/1/24 8:00,BTCUSDT 永续,8hr,0.01%
2021/1/24 0:00,BTCUSDT 永续,8hr,0.01%
2021/1/23 16:00,BTCUSDT 永续,8hr,0.01%
2021/1/23 8:00,BTCUSDT 永续,8hr,0.01%
2021/1/23 0:00,BTCUSDT 永续,8hr,0.01%
2021/1/22 16:00,BTCUSDT 永续,8hr,0.01%
2021/1/22 8:00,BTCUSDT 永续,8hr,0.01%
2021/1/22 0:00,BTCUSDT 永续,8hr,0.03%
2021/1/21 16:00,BTCUSDT 永续,8hr,0.05%
2021/1/21 8:00,BTCUSDT 永续,8hr,0.04%
2021/1/21 0:00,BTCUSDT 永续,8hr,0.02%
2021/1/20 16:00,BTCUSDT 永续,8hr,0.02%
2021/1/20 8:00,BTCUSDT 永续,8hr,0.09%
2021/1/20 0:00,BTCUSDT 永续,8hr,0.16%
2021/1/19 16:00,BTCUSDT 永续,8hr,0.14%
2021/1/19 8:00,BTCUSDT 永续,8hr,0.06%
2021/1/19 0:00,BTCUSDT 永续,8hr,0.10%
2021/1/18 16:00,BTCUSDT 永续,8hr,0.05%
2021/1/18 8:00,BTCUSDT 永续,8hr,0.06%
2021/1/18 0:00,BTCUSDT 永续,8hr,0.01%
2021/1/17 16:00,BTCUSDT 永续,8hr,0.03%
2021/1/17 8:00,BTCUSDT 永续,8hr,0.03%
2021/1/17 0:00,BTCUSDT 永续,8hr,0.07%
2021/1/16 16:00,BTCUSDT 永续,8hr,0.03%
2021/1/16 8:00,BTCUSDT 永续,8hr,0.01%
2021/1/16 0:00,BTCUSDT 永续,8hr,0.12%
2021/1/15 16:00,BTCUSDT 永续,8hr,0.06%
2021/1/15 8:00,BTCUSDT 永续,8hr,0.06%
2021/1/15 0:00,BTCUSDT 永续,8hr,0.07%
2021/1/14 16:00,BTCUSDT 永续,8hr,0.07%
2021/1/14 8:00,BTCUSDT 永续,8hr,0.08%
2021/1/14 0:00,BTCUSDT 永续,8hr,0.07%
2021/1/13 16:00,BTCUSDT 永续,8hr,0.02%
2021/1/13 8:00,BTCUSDT 永续,8hr,0.01%
2021/1/13 0:00,BTCUSDT 永续,8hr,0.05%
2021/1/12 16:00,BTCUSDT 永续,8hr,0.05%
2021/1/12 8:00,BTCUSDT 永续,8hr,0.03%
2021/1/12 0:00,BTCUSDT 永续,8hr,0.05%
2021/1/11 16:00,BTCUSDT 永续,8hr,0.08%
2021/1/11 8:00,BTCUSDT 永续,8hr,0.09%
2021/1/11 0:00,BTCUSDT 永续,8hr,0.05%
2021/1/10 16:00,BTCUSDT 永续,8hr,0.12%
2021/1/10 8:00,BTCUSDT 永续,8hr,0.15%
2021/1/10 0:00,BTCUSDT 永续,8hr,0.15%
2021/1/9 16:00,BTCUSDT 永续,8hr,0.07%
2021/1/9 8:00,BTCUSDT 永续,8hr,0.06%
2021/1/9 0:00,BTCUSDT 永续,8hr,0.13%
2021/1/8 16:00,BTCUSDT 永续,8hr,0.09%
2021/1/8 8:00,BTCUSDT 永续,8hr,0.21%
2021/1/8 0:00,BTCUSDT 永续,8hr,0.10%
2021/1/7 16:00,BTCUSDT 永续,8hr,0.14%
2021/1/7 8:00,BTCUSDT 永续,8hr,0.10%
2021/1/7 0:00,BTCUSDT 永续,8hr,0.15%
2021/1/6 16:00,BTCUSDT 永续,8hr,0.21%
2021/1/6 8:00,BTCUSDT 永续,8hr,0.13%
2021/1/6 0:00,BTCUSDT 永续,8hr,0.06%
2021/1/5 16:00,BTCUSDT 永续,8hr,0.05%
2021/1/5 8:00,BTCUSDT 永续,8hr,0.09%
2021/1/5 0:00,BTCUSDT 永续,8hr,0.06%
2021/1/4 16:00,BTCUSDT 永续,8hr,0.24%
2021/1/4 8:00,BTCUSDT 永续,8hr,0.16%
2021/1/4 0:00,BTCUSDT 永续,8hr,0.16%
2021/1/3 16:00,BTCUSDT 永续,8hr,0.11%
2021/1/3 8:00,BTCUSDT 永续,8hr,0.12%
2021/1/3 0:00,BTCUSDT 永续,8hr,0.12%
2021/1/2 16:00,BTCUSDT 永续,8hr,0.02%
2021/1/2 8:00,BTCUSDT 永续,8hr,0.01%
2021/1/2 0:00,BTCUSDT 永续,8hr,0.03%
2021/1/1 16:00,BTCUSDT 永续,8hr,0.03%
2021/1/1 8:00,BTCUSDT 永续,8hr,0.02%
2021/1/1 0:00,BTCUSDT 永续,8hr,0.04%
2020/12/31 16:00,BTCUSDT 永续,8hr,0.06%
2020/12/31 8:00,BTCUSDT 永续,8hr,0.05%
2020/12/31 0:00,BTCUSDT 永续,8hr,0.06%
2020/12/30 16:00,BTCUSDT 永续,8hr,0.08%
2020/12/30 8:00,BTCUSDT 永续,8hr,0.05%
2020/12/30 0:00,BTCUSDT 永续,8hr,0.04%
2020/12/29 16:00,BTCUSDT 永续,8hr,0.05%
2020/12/29 8:00,BTCUSDT 永续,8hr,0.04%
2020/12/29 0:00,BTCUSDT 永续,8hr,0.07%
2020/12/28 16:00,BTCUSDT 永续,8hr,0.04%
2020/12/28 8:00,BTCUSDT 永续,8hr,0.04%
2020/12/28 0:00,BTCUSDT 永续,8hr,0.07%
2020/12/27 16:00,BTCUSDT 永续,8hr,0.03%
2020/12/27 8:00,BTCUSDT 永续,8hr,0.02%
2020/12/27 0:00,BTCUSDT 永续,8hr,0.01%
2020/12/26 16:00,BTCUSDT 永续,8hr,0.02%
2020/12/26 8:00,BTCUSDT 永续,8hr,0.01%
2020/12/26 0:00,BTCUSDT 永续,8hr,0.03%
2020/12/25 16:00,BTCUSDT 永续,8hr,0.01%
2020/12/25 8:00,BTCUSDT 永续,8hr,0.02%
2020/12/25 0:00,BTCUSDT 永续,8hr,0.03%
2020/12/24 16:00,BTCUSDT 永续,8hr,0.01%
2020/12/24 8:00,BTCUSDT 永续,8hr,0.01%
2020/12/24 0:00,BTCUSDT 永续,8hr,0.01%
2020/12/23 16:00,BTCUSDT 永续,8hr,0.01%
2020/12/23 8:00,BTCUSDT 永续,8hr,0.01%
2020/12/23 0:00,BTCUSDT 永续,8hr,0.02%
2020/12/22 16:00,BTCUSDT 永续,8hr,0.01%
2020/12/22 8:00,BTCUSDT 永续,8hr,0.01%
2020/12/22 0:00,BTCUSDT 永续,8hr,0.02%
2020/12/21 16:00,BTCUSDT 永续,8hr,0.03%
2020/12/21 8:00,BTCUSDT 永续,8hr,0.04%
2020/12/21 0:00,BTCUSDT 永续,8hr,0.04%
2020/12/20 16:00,BTCUSDT 永续,8hr,0.04%
2020/12/20 8:00,BTCUSDT 永续,8hr,0.08%
2020/12/20 0:00,BTCUSDT 永续,8hr,0.07%
2020/12/19 16:00,BTCUSDT 永续,8hr,0.04%
2020/12/19 8:00,BTCUSDT 永续,8hr,0.01%
2020/12/19 0:00,BTCUSDT 永续,8hr,0.05%
2020/12/18 16:00,BTCUSDT 永续,8hr,0.05%
2020/12/18 8:00,BTCUSDT 永续,8hr,0.03%
2020/12/18 0:00,BTCUSDT 永续,8hr,0.05%
2020/12/17 16:00,BTCUSDT 永续,8hr,0.02%
2020/12/17 8:00,BTCUSDT 永续,8hr,0.01%
2020/12/17 0:00,BTCUSDT 永续,8hr,0.05%
2020/12/16 16:00,BTCUSDT 永续,8hr,0.01%
2020/12/16 8:00,BTCUSDT 永续,8hr,0.01%
2020/12/16 0:00,BTCUSDT 永续,8hr,0.01%
2020/12/15 16:00,BTCUSDT 永续,8hr,0.01%
2020/12/15 8:00,BTCUSDT 永续,8hr,0.01%
2020/12/15 0:00,BTCUSDT 永续,8hr,0.01%
2020/12/14 16:00,BTCUSDT 永续,8hr,0.01%
2020/12/14 8:00,BTCUSDT 永续,8hr,0.01%
2020/12/14 0:00,BTCUSDT 永续,8hr,0.01%
2020/12/13 16:00,BTCUSDT 永续,8hr,0.01%
2020/12/13 8:00,BTCUSDT 永续,8hr,0.01%
2020/12/13 0:00,BTCUSDT 永续,8hr,0.00%
2020/12/12 16:00,BTCUSDT 永续,8hr,0.00%
2020/12/12 8:00,BTCUSDT 永续,8hr,0.01%
2020/12/12 0:00,BTCUSDT 永续,8hr,0.01%
2020/12/11 16:00,BTCUSDT 永续,8hr,0.01%
2020/12/11 8:00,BTCUSDT 永续,8hr,0.01%
2020/12/11 0:00,BTCUSDT 永续,8hr,0.01%
2020/12/10 16:00,BTCUSDT 永续,8hr,0.01%
2020/12/10 8:00,BTCUSDT 永续,8hr,0.01%
2020/12/10 0:00,BTCUSDT 永续,8hr,0.01%
2020/12/9 16:00,BTCUSDT 永续,8hr,0.01%
2020/12/9 8:00,BTCUSDT 永续,8hr,0.01%
2020/12/9 0:00,BTCUSDT 永续,8hr,0.01%
2020/12/8 16:00,BTCUSDT 永续,8hr,0.01%
2020/12/8 8:00,BTCUSDT 永续,8hr,0.01%
2020/12/8 0:00,BTCUSDT 永续,8hr,0.01%
2020/12/7 16:00,BTCUSDT 永续,8hr,0.01%
2020/12/7 8:00,BTCUSDT 永续,8hr,0.01%
2020/12/7 0:00,BTCUSDT 永续,8hr,0.01%
2020/12/6 16:00,BTCUSDT 永续,8hr,0.01%
2020/12/6 8:00,BTCUSDT 永续,8hr,0.01%
2020/12/6 0:00,BTCUSDT 永续,8hr,0.01%
2020/12/5 16:00,BTCUSDT 永续,8hr,0.01%
2020/12/5 8:00,BTCUSDT 永续,8hr,0.01%
2020/12/5 0:00,BTCUSDT 永续,8hr,0.01%
2020/12/4 16:00,BTCUSDT 永续,8hr,0.01%
2020/12/4 8:00,BTCUSDT 永续,8hr,0.01%
2020/12/4 0:00,BTCUSDT 永续,8hr,0.03%
2020/12/3 16:00,BTCUSDT 永续,8hr,0.01%
2020/12/3 8:00,BTCUSDT 永续,8hr,0.01%
2020/12/3 0:00,BTCUSDT 永续,8hr,0.01%
2020/12/2 16:00,BTCUSDT 永续,8hr,0.01%
2020/12/2 8:00,BTCUSDT 永续,8hr,0.01%
2020/12/2 0:00,BTCUSDT 永续,8hr,0.01%
2020/12/1 16:00,BTCUSDT 永续,8hr,0.04%
2020/12/1 8:00,BTCUSDT 永续,8hr,0.05%
2020/12/1 0:00,BTCUSDT 永续,8hr,0.03%
2020/11/30 16:00,BTCUSDT 永续,8hr,0.01%
2020/11/30 8:00,BTCUSDT 永续,8hr,0.01%
2020/11/30 0:00,BTCUSDT 永续,8hr,0.01%
2020/11/29 16:00,BTCUSDT 永续,8hr,0.01%
2020/11/29 8:00,BTCUSDT 永续,8hr,0.01%
2020/11/29 0:00,BTCUSDT 永续,8hr,0.01%
2020/11/28 16:00,BTCUSDT 永续,8hr,0.01%
2020/11/28 8:00,BTCUSDT 永续,8hr,0.01%
2020/11/28 0:00,BTCUSDT 永续,8hr,0.01%
2020/11/27 16:00,BTCUSDT 永续,8hr,0.01%
2020/11/27 8:00,BTCUSDT 永续,8hr,0.01%
2020/11/27 0:00,BTCUSDT 永续,8hr,0.03%
2020/11/26 16:00,BTCUSDT 永续,8hr,0.01%
2020/11/26 8:00,BTCUSDT 永续,8hr,0.04%
2020/11/26 0:00,BTCUSDT 永续,8hr,0.08%
2020/11/25 16:00,BTCUSDT 永续,8hr,0.04%
2020/11/25 8:00,BTCUSDT 永续,8hr,0.08%
2020/11/25 0:00,BTCUSDT 永续,8hr,0.08%
2020/11/24 16:00,BTCUSDT 永续,8hr,0.06%
2020/11/24 8:00,BTCUSDT 永续,8hr,0.05%
2020/11/24 0:00,BTCUSDT 永续,8hr,0.11%
2020/11/23 16:00,BTCUSDT 永续,8hr,0.08%
2020/11/23 8:00,BTCUSDT 永续,8hr,0.10%
2020/11/23 0:00,BTCUSDT 永续,8hr,0.07%
2020/11/22 16:00,BTCUSDT 永续,8hr,0.09%
2020/11/22 8:00,BTCUSDT 永续,8hr,0.08%
2020/11/22 0:00,BTCUSDT 永续,8hr,0.06%
2020/11/21 16:00,BTCUSDT 永续,8hr,0.01%
2020/11/21 8:00,BTCUSDT 永续,8hr,0.01%
2020/11/21 0:00,BTCUSDT 永续,8hr,0.04%
2020/11/20 16:00,BTCUSDT 永续,8hr,0.04%
2020/11/20 8:00,BTCUSDT 永续,8hr,0.04%
2020/11/20 0:00,BTCUSDT 永续,8hr,0.05%
2020/11/19 16:00,BTCUSDT 永续,8hr,0.03%
2020/11/19 8:00,BTCUSDT 永续,8hr,0.01%
2020/11/19 0:00,BTCUSDT 永续,8hr,0.02%
2020/11/18 16:00,BTCUSDT 永续,8hr,0.06%
2020/11/18 8:00,BTCUSDT 永续,8hr,0.02%
2020/11/18 0:00,BTCUSDT 永续,8hr,0.01%
2020/11/17 16:00,BTCUSDT 永续,8hr,0.01%
2020/11/17 8:00,BTCUSDT 永续,8hr,0.01%
2020/11/17 0:00,BTCUSDT 永续,8hr,0.01%
2020/11/16 16:00,BTCUSDT 永续,8hr,0.01%
2020/11/16 8:00,BTCUSDT 永续,8hr,0.01%
2020/11/16 0:00,BTCUSDT 永续,8hr,0.01%
2020/11/15 16:00,BTCUSDT 永续,8hr,0.01%
2020/11/15 8:00,BTCUSDT 永续,8hr,0.01%
2020/11/15 0:00,BTCUSDT 永续,8hr,0.00%
2020/11/14 16:00,BTCUSDT 永续,8hr,0.01%
2020/11/14 8:00,BTCUSDT 永续,8hr,0.01%
2020/11/14 0:00,BTCUSDT 永续,8hr,0.01%
2020/11/13 16:00,BTCUSDT 永续,8hr,0.01%
2020/11/13 8:00,BTCUSDT 永续,8hr,0.01%
2020/11/13 0:00,BTCUSDT 永续,8hr,0.01%
2020/11/12 16:00,BTCUSDT 永续,8hr,0.01%
2020/11/12 8:00,BTCUSDT 永续,8hr,0.01%
2020/11/12 0:00,BTCUSDT 永续,8hr,0.01%
2020/11/11 16:00,BTCUSDT 永续,8hr,0.01%
2020/11/11 8:00,BTCUSDT 永续,8hr,0.01%
2020/11/11 0:00,BTCUSDT 永续,8hr,0.01%
2020/11/10 16:00,BTCUSDT 永续,8hr,0.01%
2020/11/10 8:00,BTCUSDT 永续,8hr,0.01%
2020/11/10 0:00,BTCUSDT 永续,8hr,0.01%
2020/11/9 16:00,BTCUSDT 永续,8hr,0.01%
2020/11/9 8:00,BTCUSDT 永续,8hr,0.01%
2020/11/9 0:00,BTCUSDT 永续,8hr,0.01%
2020/11/8 16:00,BTCUSDT 永续,8hr,0.01%
2020/11/8 8:00,BTCUSDT 永续,8hr,0.01%
2020/11/8 0:00,BTCUSDT 永续,8hr,0.04%
2020/11/7 16:00,BTCUSDT 永续,8hr,0.04%
2020/11/7 8:00,BTCUSDT 永续,8hr,0.02%
2020/11/7 0:00,BTCUSDT 永续,8hr,0.03%
2020/11/6 16:00,BTCUSDT 永续,8hr,0.02%
2020/11/6 8:00,BTCUSDT 永续,8hr,0.01%
2020/11/6 0:00,BTCUSDT 永续,8hr,0.01%
2020/11/5 16:00,BTCUSDT 永续,8hr,0.01%
2020/11/5 8:00,BTCUSDT 永续,8hr,0.01%
2020/11/5 0:00,BTCUSDT 永续,8hr,-0.02%
2020/11/4 16:00,BTCUSDT 永续,8hr,0.00%
2020/11/4 8:00,BTCUSDT 永续,8hr,-0.01%
2020/11/4 0:00,BTCUSDT 永续,8hr,-0.01%
2020/11/3 16:00,BTCUSDT 永续,8hr,0.00%
2020/11/3 8:00,BTCUSDT 永续,8hr,-0.02%
2020/11/3 0:00,BTCUSDT 永续,8hr,0.01%
2020/11/2 16:00,BTCUSDT 永续,8hr,0.00%
2020/11/2 8:00,BTCUSDT 永续,8hr,0.01%
2020/11/2 0:00,BTCUSDT 永续,8hr,-0.01%
2020/11/1 16:00,BTCUSDT 永续,8hr,0.00%
2020/11/1 8:00,BTCUSDT 永续,8hr,-0.01%
2020/11/1 0:00,BTCUSDT 永续,8hr,0.01%
2020/10/31 16:00,BTCUSDT 永续,8hr,-0.02%
2020/10/31 8:00,BTCUSDT 永续,8hr,-0.02%
2020/10/31 0:00,BTCUSDT 永续,8hr,-0.01%
2020/10/30 16:00,BTCUSDT 永续,8hr,0.00%
2020/10/30 8:00,BTCUSDT 永续,8hr,-0.02%
2020/10/30 0:00,BTCUSDT 永续,8hr,0.00%
2020/10/29 16:00,BTCUSDT 永续,8hr,-0.01%
2020/10/29 8:00,BTCUSDT 永续,8hr,-0.03%
2020/10/29 0:00,BTCUSDT 永续,8hr,0.01%
2020/10/28 16:00,BTCUSDT 永续,8hr,0.01%
2020/10/28 8:00,BTCUSDT 永续,8hr,0.00%
2020/10/28 0:00,BTCUSDT 永续,8hr,0.01%
2020/10/27 16:00,BTCUSDT 永续,8hr,0.01%
2020/10/27 8:00,BTCUSDT 永续,8hr,0.01%
2020/10/27 0:00,BTCUSDT 永续,8hr,0.01%
2020/10/26 16:00,BTCUSDT 永续,8hr,0.01%
2020/10/26 8:00,BTCUSDT 永续,8hr,0.01%
2020/10/26 0:00,BTCUSDT 永续,8hr,0.01%
2020/10/25 16:00,BTCUSDT 永续,8hr,0.01%
2020/10/25 8:00,BTCUSDT 永续,8hr,0.01%
2020/10/25 0:00,BTCUSDT 永续,8hr,0.01%
2020/10/24 16:00,BTCUSDT 永续,8hr,0.01%
2020/10/24 8:00,BTCUSDT 永续,8hr,0.01%
2020/10/24 0:00,BTCUSDT 永续,8hr,0.01%
2020/10/23 16:00,BTCUSDT 永续,8hr,0.01%
2020/10/23 8:00,BTCUSDT 永续,8hr,0.01%
2020/10/23 0:00,BTCUSDT 永续,8hr,0.01%
2020/10/22 16:00,BTCUSDT 永续,8hr,0.01%
2020/10/22 8:00,BTCUSDT 永续,8hr,0.01%
2020/10/22 0:00,BTCUSDT 永续,8hr,0.01%
2020/10/21 16:00,BTCUSDT 永续,8hr,0.01%
2020/10/21 8:00,BTCUSDT 永续,8hr,0.00%
2020/10/21 0:00,BTCUSDT 永续,8hr,0.00%
2020/10/20 16:00,BTCUSDT 永续,8hr,0.01%
2020/10/20 8:00,BTCUSDT 永续,8hr,0.01%
2020/10/20 0:00,BTCUSDT 永续,8hr,0.01%
2020/10/19 16:00,BTCUSDT 永续,8hr,0.01%
2020/10/19 8:00,BTCUSDT 永续,8hr,0.01%
2020/10/19 0:00,BTCUSDT 永续,8hr,0.01%
2020/10/18 16:00,BTCUSDT 永续,8hr,0.01%
2020/10/18 8:00,BTCUSDT 永续,8hr,0.01%
2020/10/18 0:00,BTCUSDT 永续,8hr,0.01%
2020/10/17 16:00,BTCUSDT 永续,8hr,0.01%
2020/10/17 8:00,BTCUSDT 永续,8hr,0.01%
2020/10/17 0:00,BTCUSDT 永续,8hr,0.01%
2020/10/16 16:00,BTCUSDT 永续,8hr,0.01%
2020/10/16 8:00,BTCUSDT 永续,8hr,0.01%
2020/10/16 0:00,BTCUSDT 永续,8hr,0.01%
2020/10/15 16:00,BTCUSDT 永续,8hr,0.01%
2020/10/15 8:00,BTCUSDT 永续,8hr,0.01%
2020/10/15 0:00,BTCUSDT 永续,8hr,0.01%
2020/10/14 16:00,BTCUSDT 永续,8hr,0.01%
2020/10/14 8:00,BTCUSDT 永续,8hr,0.01%
2020/10/14 0:00,BTCUSDT 永续,8hr,0.01%
2020/10/13 16:00,BTCUSDT 永续,8hr,0.01%
2020/10/13 8:00,BTCUSDT 永续,8hr,0.01%
2020/10/13 0:00,BTCUSDT 永续,8hr,0.01%
2020/10/12 16:00,BTCUSDT 永续,8hr,0.01%
2020/10/12 8:00,BTCUSDT 永续,8hr,0.01%
2020/10/12 0:00,BTCUSDT 永续,8hr,0.01%
2020/10/11 16:00,BTCUSDT 永续,8hr,0.01%
2020/10/11 8:00,BTCUSDT 永续,8hr,0.01%
2020/10/11 0:00,BTCUSDT 永续,8hr,0.01%
2020/10/10 16:00,BTCUSDT 永续,8hr,0.01%
2020/10/10 8:00,BTCUSDT 永续,8hr,0.01%
2020/10/10 0:00,BTCUSDT 永续,8hr,0.01%
2020/10/9 16:00,BTCUSDT 永续,8hr,0.01%
2020/10/9 8:00,BTCUSDT 永续,8hr,0.01%
2020/10/9 0:00,BTCUSDT 永续,8hr,0.01%
2020/10/8 16:00,BTCUSDT 永续,8hr,0.00%
2020/10/8 8:00,BTCUSDT 永续,8hr,0.00%
2020/10/8 0:00,BTCUSDT 永续,8hr,0.00%
2020/10/7 16:00,BTCUSDT 永续,8hr,0.00%
2020/10/7 8:00,BTCUSDT 永续,8hr,0.00%
2020/10/7 0:00,BTCUSDT 永续,8hr,0.01%
2020/10/6 16:00,BTCUSDT 永续,8hr,-0.01%
2020/10/6 8:00,BTCUSDT 永续,8hr,0.00%
2020/10/6 0:00,BTCUSDT 永续,8hr,-0.01%
2020/10/5 16:00,BTCUSDT 永续,8hr,-0.01%
2020/10/5 8:00,BTCUSDT 永续,8hr,0.00%
2020/10/5 0:00,BTCUSDT 永续,8hr,0.00%
2020/10/4 16:00,BTCUSDT 永续,8hr,0.01%
2020/10/4 8:00,BTCUSDT 永续,8hr,0.00%
2020/10/4 0:00,BTCUSDT 永续,8hr,0.01%
2020/10/3 16:00,BTCUSDT 永续,8hr,0.01%
2020/10/3 8:00,BTCUSDT 永续,8hr,0.01%
2020/10/3 0:00,BTCUSDT 永续,8hr,0.01%
2020/10/2 16:00,BTCUSDT 永续,8hr,0.00%
2020/10/2 8:00,BTCUSDT 永续,8hr,0.00%
2020/10/2 0:00,BTCUSDT 永续,8hr,0.01%
2020/10/1 16:00,BTCUSDT 永续,8hr,0.01%
2020/10/1 8:00,BTCUSDT 永续,8hr,0.01%
2020/10/1 0:00,BTCUSDT 永续,8hr,0.01%
2020/9/30 16:00,BTCUSDT 永续,8hr,0.01%
2020/9/30 8:00,BTCUSDT 永续,8hr,0.01%
2020/9/30 0:00,BTCUSDT 永续,8hr,0.01%
2020/9/29 16:00,BTCUSDT 永续,8hr,0.01%
2020/9/29 8:00,BTCUSDT 永续,8hr,0.01%
2020/9/29 0:00,BTCUSDT 永续,8hr,0.01%
2020/9/28 16:00,BTCUSDT 永续,8hr,0.01%
2020/9/28 8:00,BTCUSDT 永续,8hr,0.01%
2020/9/28 0:00,BTCUSDT 永续,8hr,0.01%
2020/9/27 16:00,BTCUSDT 永续,8hr,0.01%
2020/9/27 8:00,BTCUSDT 永续,8hr,0.01%
2020/9/27 0:00,BTCUSDT 永续,8hr,0.01%
2020/9/26 16:00,BTCUSDT 永续,8hr,0.01%
2020/9/26 8:00,BTCUSDT 永续,8hr,0.01%
2020/9/26 0:00,BTCUSDT 永续,8hr,0.01%
2020/9/25 16:00,BTCUSDT 永续,8hr,0.00%
2020/9/25 8:00,BTCUSDT 永续,8hr,-0.02%
2020/9/25 0:00,BTCUSDT 永续,8hr,0.00%
2020/9/24 16:00,BTCUSDT 永续,8hr,0.01%
2020/9/24 8:00,BTCUSDT 永续,8hr,0.00%
2020/9/24 0:00,BTCUSDT 永续,8hr,-0.01%
2020/9/23 16:00,BTCUSDT 永续,8hr,0.00%
2020/9/23 8:00,BTCUSDT 永续,8hr,0.00%
2020/9/23 0:00,BTCUSDT 永续,8hr,0.01%
2020/9/22 16:00,BTCUSDT 永续,8hr,0.01%
2020/9/22 8:00,BTCUSDT 永续,8hr,0.01%
2020/9/22 0:00,BTCUSDT 永续,8hr,0.01%
2020/9/21 16:00,BTCUSDT 永续,8hr,-0.01%
2020/9/21 8:00,BTCUSDT 永续,8hr,-0.01%
2020/9/21 0:00,BTCUSDT 永续,8hr,-0.01%
2020/9/20 16:00,BTCUSDT 永续,8hr,-0.01%
2020/9/20 8:00,BTCUSDT 永续,8hr,-0.01%
2020/9/20 0:00,BTCUSDT 永续,8hr,-0.01%
2020/9/19 16:00,BTCUSDT 永续,8hr,-0.01%
2020/9/19 8:00,BTCUSDT 永续,8hr,-0.01%
2020/9/19 0:00,BTCUSDT 永续,8hr,0.00%
2020/9/18 16:00,BTCUSDT 永续,8hr,0.01%
2020/9/18 8:00,BTCUSDT 永续,8hr,0.01%
2020/9/18 0:00,BTCUSDT 永续,8hr,0.00%
2020/9/17 16:00,BTCUSDT 永续,8hr,0.00%
2020/9/17 8:00,BTCUSDT 永续,8hr,0.00%
2020/9/17 0:00,BTCUSDT 永续,8hr,0.00%
2020/9/16 16:00,BTCUSDT 永续,8hr,0.00%
2020/9/16 8:00,BTCUSDT 永续,8hr,-0.01%
2020/9/16 0:00,BTCUSDT 永续,8hr,-0.01%
2020/9/15 16:00,BTCUSDT 永续,8hr,0.00%
2020/9/15 8:00,BTCUSDT 永续,8hr,-0.02%
2020/9/15 0:00,BTCUSDT 永续,8hr,0.00%
2020/9/14 16:00,BTCUSDT 永续,8hr,0.01%
2020/9/14 8:00,BTCUSDT 永续,8hr,0.01%
2020/9/14 0:00,BTCUSDT 永续,8hr,0.01%
2020/9/13 16:00,BTCUSDT 永续,8hr,0.01%
2020/9/13 8:00,BTCUSDT 永续,8hr,0.01%
2020/9/13 0:00,BTCUSDT 永续,8hr,0.01%
2020/9/12 16:00,BTCUSDT 永续,8hr,0.01%
2020/9/12 8:00,BTCUSDT 永续,8hr,0.01%
2020/9/12 0:00,BTCUSDT 永续,8hr,0.01%
2020/9/11 16:00,BTCUSDT 永续,8hr,0.01%
2020/9/11 8:00,BTCUSDT 永续,8hr,0.01%
2020/9/11 0:00,BTCUSDT 永续,8hr,0.01%
2020/9/10 16:00,BTCUSDT 永续,8hr,0.01%
2020/9/10 8:00,BTCUSDT 永续,8hr,0.01%
2020/9/10 0:00,BTCUSDT 永续,8hr,0.01%
2020/9/9 16:00,BTCUSDT 永续,8hr,0.01%
2020/9/9 8:00,BTCUSDT 永续,8hr,0.01%
2020/9/9 0:00,BTCUSDT 永续,8hr,0.01%
2020/9/8 16:00,BTCUSDT 永续,8hr,0.01%
2020/9/8 8:00,BTCUSDT 永续,8hr,0.01%
2020/9/8 0:00,BTCUSDT 永续,8hr,0.01%
2020/9/7 16:00,BTCUSDT 永续,8hr,0.01%
2020/9/7 8:00,BTCUSDT 永续,8hr,0.01%
2020/9/7 0:00,BTCUSDT 永续,8hr,0.01%
2020/9/6 16:00,BTCUSDT 永续,8hr,0.01%
2020/9/6 8:00,BTCUSDT 永续,8hr,0.01%
2020/9/6 0:00,BTCUSDT 永续,8hr,0.01%
2020/9/5 16:00,BTCUSDT 永续,8hr,0.01%
2020/9/5 8:00,BTCUSDT 永续,8hr,0.01%
2020/9/5 0:00,BTCUSDT 永续,8hr,0.01%
2020/9/4 16:00,BTCUSDT 永续,8hr,0.01%
2020/9/4 8:00,BTCUSDT 永续,8hr,0.01%
2020/9/4 0:00,BTCUSDT 永续,8hr,0.02%
2020/9/3 16:00,BTCUSDT 永续,8hr,0.02%
2020/9/3 8:00,BTCUSDT 永续,8hr,0.02%
2020/9/3 0:00,BTCUSDT 永续,8hr,0.05%
2020/9/2 16:00,BTCUSDT 永续,8hr,0.04%
2020/9/2 8:00,BTCUSDT 永续,8hr,0.03%
2020/9/2 0:00,BTCUSDT 永续,8hr,0.05%
2020/9/1 16:00,BTCUSDT 永续,8hr,0.02%
2020/9/1 8:00,BTCUSDT 永续,8hr,0.01%
2020/9/1 0:00,BTCUSDT 永续,8hr,0.02%
2020/8/31 16:00,BTCUSDT 永续,8hr,0.01%
2020/8/31 8:00,BTCUSDT 永续,8hr,0.01%
2020/8/31 0:00,BTCUSDT 永续,8hr,0.01%
2020/8/30 16:00,BTCUSDT 永续,8hr,0.01%
2020/8/30 8:00,BTCUSDT 永续,8hr,0.01%
2020/8/30 0:00,BTCUSDT 永续,8hr,0.01%
2020/8/29 16:00,BTCUSDT 永续,8hr,0.01%
2020/8/29 8:00,BTCUSDT 永续,8hr,0.01%
2020/8/29 0:00,BTCUSDT 永续,8hr,0.01%
2020/8/28 16:00,BTCUSDT 永续,8hr,0.01%
2020/8/28 8:00,BTCUSDT 永续,8hr,0.01%
2020/8/28 0:00,BTCUSDT 永续,8hr,0.01%
2020/8/27 16:00,BTCUSDT 永续,8hr,0.01%
2020/8/27 8:00,BTCUSDT 永续,8hr,0.01%
2020/8/27 0:00,BTCUSDT 永续,8hr,0.01%
2020/8/26 16:00,BTCUSDT 永续,8hr,0.01%
2020/8/26 8:00,BTCUSDT 永续,8hr,0.02%
2020/8/26 0:00,BTCUSDT 永续,8hr,0.04%
2020/8/25 16:00,BTCUSDT 永续,8hr,0.01%
2020/8/25 8:00,BTCUSDT 永续,8hr,0.01%
2020/8/25 0:00,BTCUSDT 永续,8hr,0.01%
2020/8/24 16:00,BTCUSDT 永续,8hr,0.01%
2020/8/24 8:00,BTCUSDT 永续,8hr,0.01%
2020/8/24 0:00,BTCUSDT 永续,8hr,0.01%
2020/8/23 16:00,BTCUSDT 永续,8hr,0.01%
2020/8/23 8:00,BTCUSDT 永续,8hr,0.01%
2020/8/23 0:00,BTCUSDT 永续,8hr,0.01%
2020/8/22 16:00,BTCUSDT 永续,8hr,0.01%
2020/8/22 8:00,BTCUSDT 永续,8hr,0.01%
2020/8/22 0:00,BTCUSDT 永续,8hr,0.01%
2020/8/21 16:00,BTCUSDT 永续,8hr,0.01%
2020/8/21 8:00,BTCUSDT 永续,8hr,0.01%
2020/8/21 0:00,BTCUSDT 永续,8hr,0.02%
2020/8/20 16:00,BTCUSDT 永续,8hr,0.01%
2020/8/20 8:00,BTCUSDT 永续,8hr,0.02%
2020/8/20 0:00,BTCUSDT 永续,8hr,0.02%
2020/8/19 16:00,BTCUSDT 永续,8hr,0.05%
2020/8/19 8:00,BTCUSDT 永续,8hr,0.08%
2020/8/19 0:00,BTCUSDT 永续,8hr,0.10%
2020/8/18 16:00,BTCUSDT 永续,8hr,0.08%
2020/8/18 8:00,BTCUSDT 永续,8hr,0.12%
2020/8/18 0:00,BTCUSDT 永续,8hr,0.09%
2020/8/17 16:00,BTCUSDT 永续,8hr,0.04%
2020/8/17 8:00,BTCUSDT 永续,8hr,0.03%
2020/8/17 0:00,BTCUSDT 永续,8hr,0.03%
2020/8/16 16:00,BTCUSDT 永续,8hr,0.05%
2020/8/16 8:00,BTCUSDT 永续,8hr,0.02%
2020/8/16 0:00,BTCUSDT 永续,8hr,0.02%
2020/8/15 16:00,BTCUSDT 永续,8hr,0.04%
2020/8/15 8:00,BTCUSDT 永续,8hr,0.01%
2020/8/15 0:00,BTCUSDT 永续,8hr,0.03%
2020/8/14 16:00,BTCUSDT 永续,8hr,0.04%
2020/8/14 8:00,BTCUSDT 永续,8hr,0.02%
2020/8/14 0:00,BTCUSDT 永续,8hr,0.01%
2020/8/13 16:00,BTCUSDT 永续,8hr,0.01%
2020/8/13 8:00,BTCUSDT 永续,8hr,0.01%
2020/8/13 0:00,BTCUSDT 永续,8hr,0.01%
2020/8/12 16:00,BTCUSDT 永续,8hr,0.01%
2020/8/12 8:00,BTCUSDT 永续,8hr,0.01%
2020/8/12 0:00,BTCUSDT 永续,8hr,0.06%
2020/8/11 16:00,BTCUSDT 永续,8hr,0.02%
2020/8/11 8:00,BTCUSDT 永续,8hr,0.01%
2020/8/11 0:00,BTCUSDT 永续,8hr,0.03%
2020/8/10 16:00,BTCUSDT 永续,8hr,0.13%
2020/8/10 8:00,BTCUSDT 永续,8hr,0.01%
2020/8/10 0:00,BTCUSDT 永续,8hr,0.01%
2020/8/9 16:00,BTCUSDT 永续,8hr,0.02%
2020/8/9 8:00,BTCUSDT 永续,8hr,0.01%
2020/8/9 0:00,BTCUSDT 永续,8hr,0.01%
2020/8/8 16:00,BTCUSDT 永续,8hr,0.01%
2020/8/8 8:00,BTCUSDT 永续,8hr,0.01%
2020/8/8 0:00,BTCUSDT 永续,8hr,0.02%
2020/8/7 16:00,BTCUSDT 永续,8hr,0.02%
2020/8/7 8:00,BTCUSDT 永续,8hr,0.03%
2020/8/7 0:00,BTCUSDT 永续,8hr,0.04%
2020/8/6 16:00,BTCUSDT 永续,8hr,0.04%
2020/8/6 8:00,BTCUSDT 永续,8hr,0.04%
2020/8/6 0:00,BTCUSDT 永续,8hr,0.02%
2020/8/5 16:00,BTCUSDT 永续,8hr,0.02%
2020/8/5 8:00,BTCUSDT 永续,8hr,0.01%
2020/8/5 0:00,BTCUSDT 永续,8hr,0.04%
2020/8/4 16:00,BTCUSDT 永续,8hr,0.03%
2020/8/4 8:00,BTCUSDT 永续,8hr,0.03%
2020/8/4 0:00,BTCUSDT 永续,8hr,0.04%
2020/8/3 16:00,BTCUSDT 永续,8hr,0.05%
2020/8/3 8:00,BTCUSDT 永续,8hr,0.03%
2020/8/3 0:00,BTCUSDT 永续,8hr,0.02%
2020/8/2 16:00,BTCUSDT 永续,8hr,0.04%
2020/8/2 8:00,BTCUSDT 永续,8hr,0.10%
2020/8/2 0:00,BTCUSDT 永续,8hr,0.05%
2020/8/1 16:00,BTCUSDT 永续,8hr,0.03%
2020/8/1 8:00,BTCUSDT 永续,8hr,0.03%
2020/8/1 0:00,BTCUSDT 永续,8hr,0.04%
2020/7/31 16:00,BTCUSDT 永续,8hr,0.04%
2020/7/31 8:00,BTCUSDT 永续,8hr,0.08%
2020/7/31 0:00,BTCUSDT 永续,8hr,0.07%
2020/7/30 16:00,BTCUSDT 永续,8hr,0.07%
2020/7/30 8:00,BTCUSDT 永续,8hr,0.06%
2020/7/30 0:00,BTCUSDT 永续,8hr,0.06%
2020/7/29 16:00,BTCUSDT 永续,8hr,0.07%
2020/7/29 8:00,BTCUSDT 永续,8hr,0.08%
2020/7/29 0:00,BTCUSDT 永续,8hr,0.10%
2020/7/28 16:00,BTCUSDT 永续,8hr,0.12%
2020/7/28 8:00,BTCUSDT 永续,8hr,0.14%
2020/7/28 0:00,BTCUSDT 永续,8hr,0.05%
2020/7/27 16:00,BTCUSDT 永续,8hr,0.09%
2020/7/27 8:00,BTCUSDT 永续,8hr,0.05%
2020/7/27 0:00,BTCUSDT 永续,8hr,0.07%
2020/7/26 16:00,BTCUSDT 永续,8hr,0.01%
2020/7/26 8:00,BTCUSDT 永续,8hr,0.01%
2020/7/26 0:00,BTCUSDT 永续,8hr,0.01%
2020/7/25 16:00,BTCUSDT 永续,8hr,0.01%
2020/7/25 8:00,BTCUSDT 永续,8hr,0.01%
2020/7/25 0:00,BTCUSDT 永续,8hr,0.01%
2020/7/24 16:00,BTCUSDT 永续,8hr,0.01%
2020/7/24 8:00,BTCUSDT 永续,8hr,0.01%
2020/7/24 0:00,BTCUSDT 永续,8hr,0.01%
2020/7/23 16:00,BTCUSDT 永续,8hr,0.01%
2020/7/23 8:00,BTCUSDT 永续,8hr,0.01%
2020/7/23 0:00,BTCUSDT 永续,8hr,0.01%
2020/7/22 16:00,BTCUSDT 永续,8hr,0.01%
2020/7/22 8:00,BTCUSDT 永续,8hr,0.01%
2020/7/22 0:00,BTCUSDT 永续,8hr,0.01%
2020/7/21 16:00,BTCUSDT 永续,8hr,0.01%
2020/7/21 8:00,BTCUSDT 永续,8hr,0.01%
2020/7/21 0:00,BTCUSDT 永续,8hr,0.01%
2020/7/20 16:00,BTCUSDT 永续,8hr,0.01%
2020/7/20 8:00,BTCUSDT 永续,8hr,0.01%
2020/7/20 0:00,BTCUSDT 永续,8hr,0.01%
2020/7/19 16:00,BTCUSDT 永续,8hr,0.01%
2020/7/19 8:00,BTCUSDT 永续,8hr,0.01%
2020/7/19 0:00,BTCUSDT 永续,8hr,0.01%
2020/7/18 16:00,BTCUSDT 永续,8hr,0.01%
2020/7/18 8:00,BTCUSDT 永续,8hr,0.01%
2020/7/18 0:00,BTCUSDT 永续,8hr,0.01%
2020/7/17 16:00,BTCUSDT 永续,8hr,0.01%
2020/7/17 8:00,BTCUSDT 永续,8hr,0.01%
2020/7/17 0:00,BTCUSDT 永续,8hr,0.01%
2020/7/16 16:00,BTCUSDT 永续,8hr,0.01%
2020/7/16 8:00,BTCUSDT 永续,8hr,0.01%
2020/7/16 0:00,BTCUSDT 永续,8hr,0.01%
2020/7/15 16:00,BTCUSDT 永续,8hr,0.01%
2020/7/15 8:00,BTCUSDT 永续,8hr,0.01%
2020/7/15 0:00,BTCUSDT 永续,8hr,0.01%
2020/7/14 16:00,BTCUSDT 永续,8hr,0.01%
2020/7/14 8:00,BTCUSDT 永续,8hr,0.01%
2020/7/14 0:00,BTCUSDT 永续,8hr,0.01%
2020/7/13 16:00,BTCUSDT 永续,8hr,0.01%
2020/7/13 8:00,BTCUSDT 永续,8hr,0.01%
2020/7/13 0:00,BTCUSDT 永续,8hr,0.01%
2020/7/12 16:00,BTCUSDT 永续,8hr,0.01%
2020/7/12 8:00,BTCUSDT 永续,8hr,0.01%
2020/7/12 0:00,BTCUSDT 永续,8hr,0.01%
2020/7/11 16:00,BTCUSDT 永续,8hr,0.01%
2020/7/11 8:00,BTCUSDT 永续,8hr,0.01%
2020/7/11 0:00,BTCUSDT 永续,8hr,0.01%
2020/7/10 16:00,BTCUSDT 永续,8hr,0.01%
2020/7/10 8:00,BTCUSDT 永续,8hr,0.01%
2020/7/10 0:00,BTCUSDT 永续,8hr,0.01%
2020/7/9 16:00,BTCUSDT 永续,8hr,0.01%
2020/7/9 8:00,BTCUSDT 永续,8hr,0.01%
2020/7/9 0:00,BTCUSDT 永续,8hr,0.01%
2020/7/8 16:00,BTCUSDT 永续,8hr,0.01%
2020/7/8 8:00,BTCUSDT 永续,8hr,0.01%
2020/7/8 0:00,BTCUSDT 永续,8hr,0.01%
2020/7/7 16:00,BTCUSDT 永续,8hr,0.01%
2020/7/7 8:00,BTCUSDT 永续,8hr,0.01%
2020/7/7 0:00,BTCUSDT 永续,8hr,0.01%
2020/7/6 16:00,BTCUSDT 永续,8hr,0.01%
2020/7/6 8:00,BTCUSDT 永续,8hr,0.01%
2020/7/6 0:00,BTCUSDT 永续,8hr,0.01%
2020/7/5 16:00,BTCUSDT 永续,8hr,0.01%
2020/7/5 8:00,BTCUSDT 永续,8hr,0.01%
2020/7/5 0:00,BTCUSDT 永续,8hr,0.01%
2020/7/4 16:00,BTCUSDT 永续,8hr,0.01%
2020/7/4 8:00,BTCUSDT 永续,8hr,0.01%
2020/7/4 0:00,BTCUSDT 永续,8hr,0.01%
2020/7/3 16:00,BTCUSDT 永续,8hr,0.01%
2020/7/3 8:00,BTCUSDT 永续,8hr,0.01%
2020/7/3 0:00,BTCUSDT 永续,8hr,0.01%
2020/7/2 16:00,BTCUSDT 永续,8hr,0.01%
2020/7/2 8:00,BTCUSDT 永续,8hr,0.01%
2020/7/2 0:00,BTCUSDT 永续,8hr,0.01%
2020/7/1 16:00,BTCUSDT 永续,8hr,0.01%
2020/7/1 8:00,BTCUSDT 永续,8hr,0.01%
2020/7/1 0:00,BTCUSDT 永续,8hr,0.01%
2020/6/30 16:00,BTCUSDT 永续,8hr,0.01%
2020/6/30 8:00,BTCUSDT 永续,8hr,0.01%
2020/6/30 0:00,BTCUSDT 永续,8hr,0.01%
2020/6/29 16:00,BTCUSDT 永续,8hr,0.01%
2020/6/29 8:00,BTCUSDT 永续,8hr,0.01%
2020/6/29 0:00,BTCUSDT 永续,8hr,0.00%
2020/6/28 16:00,BTCUSDT 永续,8hr,0.01%
2020/6/28 8:00,BTCUSDT 永续,8hr,0.01%
2020/6/28 0:00,BTCUSDT 永续,8hr,0.01%
2020/6/27 16:00,BTCUSDT 永续,8hr,0.01%
2020/6/27 8:00,BTCUSDT 永续,8hr,0.01%
2020/6/27 0:00,BTCUSDT 永续,8hr,0.01%
2020/6/26 16:00,BTCUSDT 永续,8hr,0.01%
2020/6/26 8:00,BTCUSDT 永续,8hr,0.01%
2020/6/26 0:00,BTCUSDT 永续,8hr,0.01%
2020/6/25 16:00,BTCUSDT 永续,8hr,0.01%
2020/6/25 8:00,BTCUSDT 永续,8hr,0.01%
2020/6/25 0:00,BTCUSDT 永续,8hr,0.01%
2020/6/24 16:00,BTCUSDT 永续,8hr,0.01%
2020/6/24 8:00,BTCUSDT 永续,8hr,0.01%
2020/6/24 0:00,BTCUSDT 永续,8hr,0.01%
2020/6/23 16:00,BTCUSDT 永续,8hr,0.01%
2020/6/23 8:00,BTCUSDT 永续,8hr,0.01%
2020/6/23 0:00,BTCUSDT 永续,8hr,0.01%
2020/6/22 16:00,BTCUSDT 永续,8hr,0.01%
2020/6/22 8:00,BTCUSDT 永续,8hr,0.01%
2020/6/22 0:00,BTCUSDT 永续,8hr,0.01%
2020/6/21 16:00,BTCUSDT 永续,8hr,0.00%
2020/6/21 8:00,BTCUSDT 永续,8hr,0.00%
2020/6/21 0:00,BTCUSDT 永续,8hr,0.01%
2020/6/20 16:00,BTCUSDT 永续,8hr,0.00%
2020/6/20 8:00,BTCUSDT 永续,8hr,0.01%
2020/6/20 0:00,BTCUSDT 永续,8hr,0.01%
2020/6/19 16:00,BTCUSDT 永续,8hr,0.00%
2020/6/19 8:00,BTCUSDT 永续,8hr,0.00%
2020/6/19 0:00,BTCUSDT 永续,8hr,0.01%
2020/6/18 16:00,BTCUSDT 永续,8hr,-0.01%
2020/6/18 8:00,BTCUSDT 永续,8hr,-0.01%
2020/6/18 0:00,BTCUSDT 永续,8hr,0.01%
2020/6/17 16:00,BTCUSDT 永续,8hr,-0.01%
2020/6/17 8:00,BTCUSDT 永续,8hr,0.01%
2020/6/17 0:00,BTCUSDT 永续,8hr,0.01%
2020/6/16 16:00,BTCUSDT 永续,8hr,0.01%
2020/6/16 8:00,BTCUSDT 永续,8hr,-0.02%
2020/6/16 0:00,BTCUSDT 永续,8hr,-0.02%
2020/6/15 16:00,BTCUSDT 永续,8hr,0.00%
2020/6/15 8:00,BTCUSDT 永续,8hr,0.01%
2020/6/15 0:00,BTCUSDT 永续,8hr,0.01%
2020/6/14 16:00,BTCUSDT 永续,8hr,0.01%
2020/6/14 8:00,BTCUSDT 永续,8hr,0.01%
2020/6/14 0:00,BTCUSDT 永续,8hr,0.01%
2020/6/13 16:00,BTCUSDT 永续,8hr,0.01%
2020/6/13 8:00,BTCUSDT 永续,8hr,0.00%
2020/6/13 0:00,BTCUSDT 永续,8hr,0.01%
2020/6/12 16:00,BTCUSDT 永续,8hr,0.00%
2020/6/12 8:00,BTCUSDT 永续,8hr,0.01%
2020/6/12 0:00,BTCUSDT 永续,8hr,0.01%
2020/6/11 16:00,BTCUSDT 永续,8hr,0.01%
2020/6/11 8:00,BTCUSDT 永续,8hr,0.01%
2020/6/11 0:00,BTCUSDT 永续,8hr,0.01%
2020/6/10 16:00,BTCUSDT 永续,8hr,0.01%
2020/6/10 8:00,BTCUSDT 永续,8hr,0.01%
2020/6/10 0:00,BTCUSDT 永续,8hr,0.01%
2020/6/9 16:00,BTCUSDT 永续,8hr,0.01%
2020/6/9 8:00,BTCUSDT 永续,8hr,0.01%
2020/6/9 0:00,BTCUSDT 永续,8hr,0.01%
2020/6/8 16:00,BTCUSDT 永续,8hr,0.01%
2020/6/8 8:00,BTCUSDT 永续,8hr,0.01%
2020/6/8 0:00,BTCUSDT 永续,8hr,0.01%
2020/6/7 16:00,BTCUSDT 永续,8hr,0.01%
2020/6/7 8:00,BTCUSDT 永续,8hr,0.01%
2020/6/7 0:00,BTCUSDT 永续,8hr,0.01%
2020/6/6 16:00,BTCUSDT 永续,8hr,0.01%
2020/6/6 8:00,BTCUSDT 永续,8hr,0.01%
2020/6/6 0:00,BTCUSDT 永续,8hr,0.01%
2020/6/5 16:00,BTCUSDT 永续,8hr,0.01%
2020/6/5 8:00,BTCUSDT 永续,8hr,0.01%
2020/6/5 0:00,BTCUSDT 永续,8hr,0.01%
2020/6/4 16:00,BTCUSDT 永续,8hr,0.01%
2020/6/4 8:00,BTCUSDT 永续,8hr,0.01%
2020/6/4 0:00,BTCUSDT 永续,8hr,0.01%
2020/6/3 16:00,BTCUSDT 永续,8hr,0.01%
2020/6/3 8:00,BTCUSDT 永续,8hr,0.01%
2020/6/3 0:00,BTCUSDT 永续,8hr,0.01%
2020/6/2 16:00,BTCUSDT 永续,8hr,0.08%
2020/6/2 8:00,BTCUSDT 永续,8hr,0.03%
2020/6/2 0:00,BTCUSDT 永续,8hr,0.00%
2020/6/1 16:00,BTCUSDT 永续,8hr,0.00%
2020/6/1 8:00,BTCUSDT 永续,8hr,0.01%
2020/6/1 0:00,BTCUSDT 永续,8hr,0.01%
2020/5/31 16:00,BTCUSDT 永续,8hr,0.01%
2020/5/31 8:00,BTCUSDT 永续,8hr,0.01%
2020/5/31 0:00,BTCUSDT 永续,8hr,0.01%
2020/5/30 16:00,BTCUSDT 永续,8hr,0.01%
2020/5/30 8:00,BTCUSDT 永续,8hr,0.01%
2020/5/30 0:00,BTCUSDT 永续,8hr,0.00%
2020/5/29 16:00,BTCUSDT 永续,8hr,0.00%
2020/5/29 8:00,BTCUSDT 永续,8hr,0.00%
2020/5/29 0:00,BTCUSDT 永续,8hr,0.00%
2020/5/28 16:00,BTCUSDT 永续,8hr,-0.01%
2020/5/28 8:00,BTCUSDT 永续,8hr,-0.01%
2020/5/28 0:00,BTCUSDT 永续,8hr,-0.01%
2020/5/27 16:00,BTCUSDT 永续,8hr,0.01%
2020/5/27 8:00,BTCUSDT 永续,8hr,0.00%
2020/5/27 0:00,BTCUSDT 永续,8hr,0.00%
2020/5/26 16:00,BTCUSDT 永续,8hr,0.01%
2020/5/26 8:00,BTCUSDT 永续,8hr,0.00%
2020/5/26 0:00,BTCUSDT 永续,8hr,0.00%
2020/5/25 16:00,BTCUSDT 永续,8hr,0.00%
2020/5/25 8:00,BTCUSDT 永续,8hr,0.01%
2020/5/25 0:00,BTCUSDT 永续,8hr,0.01%
2020/5/24 16:00,BTCUSDT 永续,8hr,0.01%
2020/5/24 8:00,BTCUSDT 永续,8hr,0.01%
2020/5/24 0:00,BTCUSDT 永续,8hr,0.01%
2020/5/23 16:00,BTCUSDT 永续,8hr,0.00%
2020/5/23 8:00,BTCUSDT 永续,8hr,0.00%
2020/5/23 0:00,BTCUSDT 永续,8hr,0.01%
2020/5/22 16:00,BTCUSDT 永续,8hr,0.00%
2020/5/22 8:00,BTCUSDT 永续,8hr,-0.01%
2020/5/22 0:00,BTCUSDT 永续,8hr,0.01%
2020/5/21 16:00,BTCUSDT 永续,8hr,0.01%
2020/5/21 8:00,BTCUSDT 永续,8hr,-0.01%
2020/5/21 0:00,BTCUSDT 永续,8hr,0.01%
2020/5/20 16:00,BTCUSDT 永续,8hr,0.01%
2020/5/20 8:00,BTCUSDT 永续,8hr,0.01%
2020/5/20 0:00,BTCUSDT 永续,8hr,0.01%
2020/5/19 16:00,BTCUSDT 永续,8hr,0.01%
2020/5/19 8:00,BTCUSDT 永续,8hr,0.01%
2020/5/19 0:00,BTCUSDT 永续,8hr,-0.01%
2020/5/18 16:00,BTCUSDT 永续,8hr,0.01%
2020/5/18 8:00,BTCUSDT 永续,8hr,0.01%
2020/5/18 0:00,BTCUSDT 永续,8hr,0.00%
2020/5/17 16:00,BTCUSDT 永续,8hr,0.00%
2020/5/17 8:00,BTCUSDT 永续,8hr,0.01%
2020/5/17 0:00,BTCUSDT 永续,8hr,0.01%
2020/5/16 16:00,BTCUSDT 永续,8hr,0.01%
2020/5/16 8:00,BTCUSDT 永续,8hr,0.01%
2020/5/16 0:00,BTCUSDT 永续,8hr,0.01%
2020/5/15 16:00,BTCUSDT 永续,8hr,0.00%
2020/5/15 8:00,BTCUSDT 永续,8hr,0.01%
2020/5/15 0:00,BTCUSDT 永续,8hr,0.01%
2020/5/14 16:00,BTCUSDT 永续,8hr,0.01%
2020/5/14 8:00,BTCUSDT 永续,8hr,0.01%
2020/5/14 0:00,BTCUSDT 永续,8hr,0.01%
2020/5/13 16:00,BTCUSDT 永续,8hr,0.01%
2020/5/13 8:00,BTCUSDT 永续,8hr,0.01%
2020/5/13 0:00,BTCUSDT 永续,8hr,0.01%
2020/5/12 16:00,BTCUSDT 永续,8hr,0.01%
2020/5/12 8:00,BTCUSDT 永续,8hr,0.01%
2020/5/12 0:00,BTCUSDT 永续,8hr,0.01%
2020/5/11 16:00,BTCUSDT 永续,8hr,0.01%
2020/5/11 8:00,BTCUSDT 永续,8hr,0.01%
2020/5/11 0:00,BTCUSDT 永续,8hr,0.01%
2020/5/10 16:00,BTCUSDT 永续,8hr,0.01%
2020/5/10 8:00,BTCUSDT 永续,8hr,0.04%
2020/5/10 0:00,BTCUSDT 永续,8hr,0.06%
2020/5/9 16:00,BTCUSDT 永续,8hr,0.08%
2020/5/9 8:00,BTCUSDT 永续,8hr,0.04%
2020/5/9 0:00,BTCUSDT 永续,8hr,0.05%
2020/5/8 16:00,BTCUSDT 永续,8hr,0.03%
2020/5/8 8:00,BTCUSDT 永续,8hr,0.02%
2020/5/8 0:00,BTCUSDT 永续,8hr,0.01%
2020/5/7 16:00,BTCUSDT 永续,8hr,0.01%
2020/5/7 8:00,BTCUSDT 永续,8hr,0.01%
2020/5/7 0:00,BTCUSDT 永续,8hr,0.04%
2020/5/6 16:00,BTCUSDT 永续,8hr,0.01%
2020/5/6 8:00,BTCUSDT 永续,8hr,0.01%
2020/5/6 0:00,BTCUSDT 永续,8hr,0.01%
2020/5/5 16:00,BTCUSDT 永续,8hr,0.01%
2020/5/5 8:00,BTCUSDT 永续,8hr,0.01%
2020/5/5 0:00,BTCUSDT 永续,8hr,0.01%
2020/5/4 16:00,BTCUSDT 永续,8hr,0.01%
2020/5/4 8:00,BTCUSDT 永续,8hr,0.01%
2020/5/4 0:00,BTCUSDT 永续,8hr,0.02%
2020/5/3 16:00,BTCUSDT 永续,8hr,0.02%
2020/5/3 8:00,BTCUSDT 永续,8hr,0.01%
2020/5/3 0:00,BTCUSDT 永续,8hr,0.01%
2020/5/2 16:00,BTCUSDT 永续,8hr,0.01%
2020/5/2 8:00,BTCUSDT 永续,8hr,0.01%
2020/5/2 0:00,BTCUSDT 永续,8hr,0.01%
2020/5/1 16:00,BTCUSDT 永续,8hr,0.02%
2020/5/1 8:00,BTCUSDT 永续,8hr,0.02%
2020/5/1 0:00,BTCUSDT 永续,8hr,0.01%
2020/4/30 16:00,BTCUSDT 永续,8hr,0.10%
2020/4/30 8:00,BTCUSDT 永续,8hr,0.01%
2020/4/30 0:00,BTCUSDT 永续,8hr,0.01%
2020/4/29 16:00,BTCUSDT 永续,8hr,0.01%
2020/4/29 8:00,BTCUSDT 永续,8hr,0.01%
2020/4/29 0:00,BTCUSDT 永续,8hr,0.01%
2020/4/28 16:00,BTCUSDT 永续,8hr,0.01%
2020/4/28 8:00,BTCUSDT 永续,8hr,0.01%
2020/4/28 0:00,BTCUSDT 永续,8hr,0.01%
2020/4/27 16:00,BTCUSDT 永续,8hr,0.01%
2020/4/27 8:00,BTCUSDT 永续,8hr,0.01%
2020/4/27 0:00,BTCUSDT 永续,8hr,0.01%
2020/4/26 16:00,BTCUSDT 永续,8hr,0.01%
2020/4/26 8:00,BTCUSDT 永续,8hr,0.01%
2020/4/26 0:00,BTCUSDT 永续,8hr,0.01%
2020/4/25 16:00,BTCUSDT 永续,8hr,0.01%
2020/4/25 8:00,BTCUSDT 永续,8hr,0.01%
2020/4/25 0:00,BTCUSDT 永续,8hr,0.01%
2020/4/24 16:00,BTCUSDT 永续,8hr,0.01%
2020/4/24 8:00,BTCUSDT 永续,8hr,0.01%
2020/4/24 0:00,BTCUSDT 永续,8hr,0.01%
2020/4/23 16:00,BTCUSDT 永续,8hr,-0.02%
2020/4/23 8:00,BTCUSDT 永续,8hr,-0.02%
2020/4/23 0:00,BTCUSDT 永续,8hr,-0.03%
2020/4/22 16:00,BTCUSDT 永续,8hr,-0.01%
2020/4/22 8:00,BTCUSDT 永续,8hr,0.00%
2020/4/22 0:00,BTCUSDT 永续,8hr,0.01%
2020/4/21 16:00,BTCUSDT 永续,8hr,-0.01%
2020/4/21 8:00,BTCUSDT 永续,8hr,-0.01%
2020/4/21 0:00,BTCUSDT 永续,8hr,-0.01%
2020/4/20 16:00,BTCUSDT 永续,8hr,0.00%
2020/4/20 8:00,BTCUSDT 永续,8hr,0.00%
2020/4/20 0:00,BTCUSDT 永续,8hr,0.01%
2020/4/19 16:00,BTCUSDT 永续,8hr,-0.01%
2020/4/19 8:00,BTCUSDT 永续,8hr,-0.02%
2020/4/19 0:00,BTCUSDT 永续,8hr,-0.02%
2020/4/18 16:00,BTCUSDT 永续,8hr,-0.02%
2020/4/18 8:00,BTCUSDT 永续,8hr,0.00%
2020/4/18 0:00,BTCUSDT 永续,8hr,-0.01%
2020/4/17 16:00,BTCUSDT 永续,8hr,0.00%
2020/4/17 8:00,BTCUSDT 永续,8hr,0.01%
2020/4/17 0:00,BTCUSDT 永续,8hr,0.01%
2020/4/16 16:00,BTCUSDT 永续,8hr,-0.05%
2020/4/16 8:00,BTCUSDT 永续,8hr,-0.01%
2020/4/16 0:00,BTCUSDT 永续,8hr,0.00%
2020/4/15 16:00,BTCUSDT 永续,8hr,0.00%
2020/4/15 8:00,BTCUSDT 永续,8hr,-0.01%
2020/4/15 0:00,BTCUSDT 永续,8hr,-0.02%
2020/4/14 16:00,BTCUSDT 永续,8hr,0.01%
2020/4/14 8:00,BTCUSDT 永续,8hr,0.00%
2020/4/14 0:00,BTCUSDT 永续,8hr,0.00%
2020/4/13 16:00,BTCUSDT 永续,8hr,-0.02%
2020/4/13 8:00,BTCUSDT 永续,8hr,0.01%
2020/4/13 0:00,BTCUSDT 永续,8hr,0.01%
2020/4/12 16:00,BTCUSDT 永续,8hr,0.01%
2020/4/12 8:00,BTCUSDT 永续,8hr,0.01%
2020/4/12 0:00,BTCUSDT 永续,8hr,0.01%
2020/4/11 16:00,BTCUSDT 永续,8hr,0.01%
2020/4/11 8:00,BTCUSDT 永续,8hr,0.01%
2020/4/11 0:00,BTCUSDT 永续,8hr,0.01%
2020/4/10 16:00,BTCUSDT 永续,8hr,0.01%
2020/4/10 8:00,BTCUSDT 永续,8hr,-0.01%
2020/4/10 0:00,BTCUSDT 永续,8hr,-0.01%
2020/4/9 16:00,BTCUSDT 永续,8hr,-0.01%
2020/4/9 8:00,BTCUSDT 永续,8hr,0.01%
2020/4/9 0:00,BTCUSDT 永续,8hr,0.01%
2020/4/8 16:00,BTCUSDT 永续,8hr,0.01%
2020/4/8 8:00,BTCUSDT 永续,8hr,0.00%
2020/4/8 0:00,BTCUSDT 永续,8hr,0.00%
2020/4/7 16:00,BTCUSDT 永续,8hr,0.00%
2020/4/7 8:00,BTCUSDT 永续,8hr,-0.01%
2020/4/7 0:00,BTCUSDT 永续,8hr,-0.01%
2020/4/6 16:00,BTCUSDT 永续,8hr,0.00%
2020/4/6 8:00,BTCUSDT 永续,8hr,0.00%
2020/4/6 0:00,BTCUSDT 永续,8hr,0.00%
2020/4/5 16:00,BTCUSDT 永续,8hr,0.00%
2020/4/5 8:00,BTCUSDT 永续,8hr,0.00%
2020/4/5 0:00,BTCUSDT 永续,8hr,-0.01%
2020/4/4 16:00,BTCUSDT 永续,8hr,0.01%
2020/4/4 8:00,BTCUSDT 永续,8hr,0.01%
2020/4/4 0:00,BTCUSDT 永续,8hr,0.01%
2020/4/3 16:00,BTCUSDT 永续,8hr,0.00%
2020/4/3 8:00,BTCUSDT 永续,8hr,0.01%
2020/4/3 0:00,BTCUSDT 永续,8hr,0.01%
2020/4/2 16:00,BTCUSDT 永续,8hr,0.00%
2020/4/2 8:00,BTCUSDT 永续,8hr,-0.02%
2020/4/2 0:00,BTCUSDT 永续,8hr,-0.04%
2020/4/1 16:00,BTCUSDT 永续,8hr,-0.05%
2020/4/1 8:00,BTCUSDT 永续,8hr,-0.01%
2020/4/1 0:00,BTCUSDT 永续,8hr,-0.02%
2020/3/31 16:00,BTCUSDT 永续,8hr,-0.02%
2020/3/31 8:00,BTCUSDT 永续,8hr,-0.01%
2020/3/31 0:00,BTCUSDT 永续,8hr,-0.01%
2020/3/30 16:00,BTCUSDT 永续,8hr,-0.03%
2020/3/30 8:00,BTCUSDT 永续,8hr,-0.06%
2020/3/30 0:00,BTCUSDT 永续,8hr,-0.03%
2020/3/29 16:00,BTCUSDT 永续,8hr,-0.03%
2020/3/29 8:00,BTCUSDT 永续,8hr,-0.02%
2020/3/29 0:00,BTCUSDT 永续,8hr,-0.02%
2020/3/28 16:00,BTCUSDT 永续,8hr,-0.04%
2020/3/28 8:00,BTCUSDT 永续,8hr,-0.01%
2020/3/28 0:00,BTCUSDT 永续,8hr,0.00%
2020/3/27 16:00,BTCUSDT 永续,8hr,0.01%
2020/3/27 8:00,BTCUSDT 永续,8hr,0.01%
2020/3/27 0:00,BTCUSDT 永续,8hr,0.00%
2020/3/26 16:00,BTCUSDT 永续,8hr,0.01%
2020/3/26 8:00,BTCUSDT 永续,8hr,0.00%
2020/3/26 0:00,BTCUSDT 永续,8hr,0.01%
2020/3/25 16:00,BTCUSDT 永续,8hr,0.01%
2020/3/25 8:00,BTCUSDT 永续,8hr,0.01%
2020/3/25 0:00,BTCUSDT 永续,8hr,0.01%
2020/3/24 16:00,BTCUSDT 永续,8hr,0.01%
2020/3/24 8:00,BTCUSDT 永续,8hr,0.01%
2020/3/24 0:00,BTCUSDT 永续,8hr,0.01%
2020/3/23 16:00,BTCUSDT 永续,8hr,-0.02%
2020/3/23 8:00,BTCUSDT 永续,8hr,-0.02%
2020/3/23 0:00,BTCUSDT 永续,8hr,0.00%
2020/3/22 16:00,BTCUSDT 永续,8hr,0.01%
2020/3/22 8:00,BTCUSDT 永续,8hr,0.00%
2020/3/22 0:00,BTCUSDT 永续,8hr,-0.01%
2020/3/21 16:00,BTCUSDT 永续,8hr,0.00%
2020/3/21 8:00,BTCUSDT 永续,8hr,0.01%
2020/3/21 0:00,BTCUSDT 永续,8hr,0.01%
2020/3/20 16:00,BTCUSDT 永续,8hr,0.00%
2020/3/20 8:00,BTCUSDT 永续,8hr,-0.02%
2020/3/20 0:00,BTCUSDT 永续,8hr,-0.03%
2020/3/19 16:00,BTCUSDT 永续,8hr,-0.02%
2020/3/19 8:00,BTCUSDT 永续,8hr,-0.02%
2020/3/19 0:00,BTCUSDT 永续,8hr,-0.03%
2020/3/18 16:00,BTCUSDT 永续,8hr,-0.04%
2020/3/18 8:00,BTCUSDT 永续,8hr,-0.01%
2020/3/18 0:00,BTCUSDT 永续,8hr,-0.01%
2020/3/17 16:00,BTCUSDT 永续,8hr,0.00%
2020/3/17 8:00,BTCUSDT 永续,8hr,-0.02%
2020/3/17 0:00,BTCUSDT 永续,8hr,-0.09%
2020/3/16 16:00,BTCUSDT 永续,8hr,-0.04%
2020/3/16 8:00,BTCUSDT 永续,8hr,-0.03%
2020/3/16 0:00,BTCUSDT 永续,8hr,-0.05%
2020/3/15 16:00,BTCUSDT 永续,8hr,-0.05%
2020/3/15 8:00,BTCUSDT 永续,8hr,-0.05%
2020/3/15 0:00,BTCUSDT 永续,8hr,-0.05%
2020/3/14 16:00,BTCUSDT 永续,8hr,-0.01%
2020/3/14 8:00,BTCUSDT 永续,8hr,-0.08%
2020/3/14 0:00,BTCUSDT 永续,8hr,-0.07%
2020/3/13 16:00,BTCUSDT 永续,8hr,-0.30%
2020/3/13 8:00,BTCUSDT 永续,8hr,-0.02%
2020/3/13 0:00,BTCUSDT 永续,8hr,-0.02%
2020/3/12 16:00,BTCUSDT 永续,8hr,0.01%
2020/3/12 8:00,BTCUSDT 永续,8hr,0.01%
2020/3/12 0:00,BTCUSDT 永续,8hr,0.02%
2020/3/11 16:00,BTCUSDT 永续,8hr,0.01%
2020/3/11 8:00,BTCUSDT 永续,8hr,0.01%
2020/3/11 0:00,BTCUSDT 永续,8hr,0.01%
2020/3/10 16:00,BTCUSDT 永续,8hr,0.01%
2020/3/10 8:00,BTCUSDT 永续,8hr,0.01%
2020/3/10 0:00,BTCUSDT 永续,8hr,0.01%
2020/3/9 16:00,BTCUSDT 永续,8hr,0.01%
2020/3/9 8:00,BTCUSDT 永续,8hr,0.01%
2020/3/9 0:00,BTCUSDT 永续,8hr,0.04%
2020/3/8 16:00,BTCUSDT 永续,8hr,0.05%
2020/3/8 8:00,BTCUSDT 永续,8hr,0.05%
2020/3/8 0:00,BTCUSDT 永续,8hr,0.03%
2020/3/7 16:00,BTCUSDT 永续,8hr,0.03%
2020/3/7 8:00,BTCUSDT 永续,8hr,0.04%
2020/3/7 0:00,BTCUSDT 永续,8hr,0.04%
2020/3/6 16:00,BTCUSDT 永续,8hr,0.02%
2020/3/6 8:00,BTCUSDT 永续,8hr,0.02%
2020/3/6 0:00,BTCUSDT 永续,8hr,0.02%
2020/3/5 16:00,BTCUSDT 永续,8hr,0.02%
2020/3/5 8:00,BTCUSDT 永续,8hr,0.01%
2020/3/5 0:00,BTCUSDT 永续,8hr,0.02%
2020/3/4 16:00,BTCUSDT 永续,8hr,0.01%
2020/3/4 8:00,BTCUSDT 永续,8hr,0.01%
2020/3/4 0:00,BTCUSDT 永续,8hr,0.01%
2020/3/3 16:00,BTCUSDT 永续,8hr,0.01%
2020/3/3 8:00,BTCUSDT 永续,8hr,0.01%
2020/3/3 0:00,BTCUSDT 永续,8hr,0.01%
2020/3/2 16:00,BTCUSDT 永续,8hr,0.01%
2020/3/2 8:00,BTCUSDT 永续,8hr,0.02%
2020/3/2 0:00,BTCUSDT 永续,8hr,0.03%
2020/3/1 16:00,BTCUSDT 永续,8hr,0.03%
2020/3/1 8:00,BTCUSDT 永续,8hr,0.05%
2020/3/1 0:00,BTCUSDT 永续,8hr,0.06%
2020/2/29 16:00,BTCUSDT 永续,8hr,0.06%
2020/2/29 8:00,BTCUSDT 永续,8hr,0.06%
2020/2/29 0:00,BTCUSDT 永续,8hr,0.02%
2020/2/28 16:00,BTCUSDT 永续,8hr,0.01%
2020/2/28 8:00,BTCUSDT 永续,8hr,0.01%
2020/2/28 0:00,BTCUSDT 永续,8hr,0.01%
2020/2/27 16:00,BTCUSDT 永续,8hr,0.01%
2020/2/27 8:00,BTCUSDT 永续,8hr,0.02%
2020/2/27 0:00,BTCUSDT 永续,8hr,0.04%
2020/2/26 16:00,BTCUSDT 永续,8hr,0.05%
2020/2/26 8:00,BTCUSDT 永续,8hr,0.04%
2020/2/26 0:00,BTCUSDT 永续,8hr,0.05%
2020/2/25 16:00,BTCUSDT 永续,8hr,0.03%
2020/2/25 8:00,BTCUSDT 永续,8hr,0.03%
2020/2/25 0:00,BTCUSDT 永续,8hr,0.01%
2020/2/24 16:00,BTCUSDT 永续,8hr,0.01%
2020/2/24 8:00,BTCUSDT 永续,8hr,0.05%
2020/2/24 0:00,BTCUSDT 永续,8hr,0.07%
2020/2/23 16:00,BTCUSDT 永续,8hr,0.04%
2020/2/23 8:00,BTCUSDT 永续,8hr,0.03%
2020/2/23 0:00,BTCUSDT 永续,8hr,0.01%
2020/2/22 16:00,BTCUSDT 永续,8hr,0.01%
2020/2/22 8:00,BTCUSDT 永续,8hr,0.01%
2020/2/22 0:00,BTCUSDT 永续,8hr,0.01%
2020/2/21 16:00,BTCUSDT 永续,8hr,0.01%
2020/2/21 8:00,BTCUSDT 永续,8hr,0.01%
2020/2/21 0:00,BTCUSDT 永续,8hr,0.01%
2020/2/20 16:00,BTCUSDT 永续,8hr,0.01%
2020/2/20 8:00,BTCUSDT 永续,8hr,0.01%
2020/2/20 0:00,BTCUSDT 永续,8hr,0.04%
2020/2/19 16:00,BTCUSDT 永续,8hr,0.04%
2020/2/19 8:00,BTCUSDT 永续,8hr,0.05%
2020/2/19 0:00,BTCUSDT 永续,8hr,0.03%
2020/2/18 16:00,BTCUSDT 永续,8hr,0.01%
2020/2/18 8:00,BTCUSDT 永续,8hr,0.03%
2020/2/18 0:00,BTCUSDT 永续,8hr,0.09%
2020/2/17 16:00,BTCUSDT 永续,8hr,0.06%
2020/2/17 8:00,BTCUSDT 永续,8hr,0.04%
2020/2/17 0:00,BTCUSDT 永续,8hr,0.06%
2020/2/16 16:00,BTCUSDT 永续,8hr,0.04%
2020/2/16 8:00,BTCUSDT 永续,8hr,0.05%
2020/2/16 0:00,BTCUSDT 永续,8hr,0.09%
2020/2/15 16:00,BTCUSDT 永续,8hr,0.10%
2020/2/15 8:00,BTCUSDT 永续,8hr,0.06%
2020/2/15 0:00,BTCUSDT 永续,8hr,0.06%
2020/2/14 16:00,BTCUSDT 永续,8hr,0.07%
2020/2/14 8:00,BTCUSDT 永续,8hr,0.06%
2020/2/14 0:00,BTCUSDT 永续,8hr,0.07%
2020/2/13 16:00,BTCUSDT 永续,8hr,0.08%
2020/2/13 8:00,BTCUSDT 永续,8hr,0.09%
2020/2/13 0:00,BTCUSDT 永续,8hr,0.10%
2020/2/12 16:00,BTCUSDT 永续,8hr,0.11%
2020/2/12 8:00,BTCUSDT 永续,8hr,0.30%
2020/2/12 0:00,BTCUSDT 永续,8hr,0.05%
2020/2/11 16:00,BTCUSDT 永续,8hr,0.06%
2020/2/11 8:00,BTCUSDT 永续,8hr,0.04%
2020/2/11 0:00,BTCUSDT 永续,8hr,0.10%
2020/2/10 16:00,BTCUSDT 永续,8hr,0.13%
2020/2/10 8:00,BTCUSDT 永续,8hr,0.11%
2020/2/10 0:00,BTCUSDT 永续,8hr,0.11%
2020/2/9 16:00,BTCUSDT 永续,8hr,0.08%
2020/2/9 8:00,BTCUSDT 永续,8hr,0.04%
2020/2/9 0:00,BTCUSDT 永续,8hr,0.10%
2020/2/8 16:00,BTCUSDT 永续,8hr,0.06%
2020/2/8 8:00,BTCUSDT 永续,8hr,0.04%
2020/2/8 0:00,BTCUSDT 永续,8hr,0.03%
2020/2/7 16:00,BTCUSDT 永续,8hr,0.02%
2020/2/7 8:00,BTCUSDT 永续,8hr,0.04%
2020/2/7 0:00,BTCUSDT 永续,8hr,0.06%
2020/2/6 16:00,BTCUSDT 永续,8hr,0.08%
2020/2/6 8:00,BTCUSDT 永续,8hr,0.16%
2020/2/6 0:00,BTCUSDT 永续,8hr,0.05%
2020/2/5 16:00,BTCUSDT 永续,8hr,0.01%
2020/2/5 8:00,BTCUSDT 永续,8hr,0.01%
2020/2/5 0:00,BTCUSDT 永续,8hr,0.04%
2020/2/4 16:00,BTCUSDT 永续,8hr,0.05%
2020/2/4 8:00,BTCUSDT 永续,8hr,0.10%
2020/2/4 0:00,BTCUSDT 永续,8hr,0.01%
2020/2/3 16:00,BTCUSDT 永续,8hr,0.04%
2020/2/3 8:00,BTCUSDT 永续,8hr,0.06%
2020/2/3 0:00,BTCUSDT 永续,8hr,0.07%
2020/2/2 16:00,BTCUSDT 永续,8hr,0.03%
2020/2/2 8:00,BTCUSDT 永续,8hr,0.03%
2020/2/2 0:00,BTCUSDT 永续,8hr,0.05%
2020/2/1 16:00,BTCUSDT 永续,8hr,0.07%
2020/2/1 8:00,BTCUSDT 永续,8hr,0.07%
2020/2/1 0:00,BTCUSDT 永续,8hr,0.04%
2020/1/31 16:00,BTCUSDT 永续,8hr,0.08%
2020/1/31 8:00,BTCUSDT 永续,8hr,0.05%
2020/1/31 0:00,BTCUSDT 永续,8hr,0.03%
2020/1/30 16:00,BTCUSDT 永续,8hr,0.02%
2020/1/30 8:00,BTCUSDT 永续,8hr,0.02%
2020/1/30 0:00,BTCUSDT 永续,8hr,0.05%
2020/1/29 16:00,BTCUSDT 永续,8hr,0.11%
2020/1/29 8:00,BTCUSDT 永续,8hr,0.06%
2020/1/29 0:00,BTCUSDT 永续,8hr,0.05%
2020/1/28 16:00,BTCUSDT 永续,8hr,0.07%
2020/1/28 8:00,BTCUSDT 永续,8hr,0.01%
2020/1/28 0:00,BTCUSDT 永续,8hr,0.01%
2020/1/27 16:00,BTCUSDT 永续,8hr,0.01%
2020/1/27 8:00,BTCUSDT 永续,8hr,0.01%
2020/1/27 0:00,BTCUSDT 永续,8hr,0.01%
2020/1/26 16:00,BTCUSDT 永续,8hr,0.01%
2020/1/26 8:00,BTCUSDT 永续,8hr,0.01%
2020/1/26 0:00,BTCUSDT 永续,8hr,0.01%
2020/1/25 16:00,BTCUSDT 永续,8hr,0.01%
2020/1/25 8:00,BTCUSDT 永续,8hr,0.01%
2020/1/25 0:00,BTCUSDT 永续,8hr,0.02%
2020/1/24 16:00,BTCUSDT 永续,8hr,0.04%
2020/1/24 8:00,BTCUSDT 永续,8hr,0.05%
2020/1/24 0:00,BTCUSDT 永续,8hr,0.05%
2020/1/23 16:00,BTCUSDT 永续,8hr,0.01%
2020/1/23 8:00,BTCUSDT 永续,8hr,0.01%
2020/1/23 0:00,BTCUSDT 永续,8hr,0.01%
2020/1/22 16:00,BTCUSDT 永续,8hr,0.02%
2020/1/22 8:00,BTCUSDT 永续,8hr,0.01%
2020/1/22 0:00,BTCUSDT 永续,8hr,0.02%
2020/1/21 16:00,BTCUSDT 永续,8hr,0.02%
2020/1/21 8:00,BTCUSDT 永续,8hr,0.01%
2020/1/21 0:00,BTCUSDT 永续,8hr,0.01%
2020/1/20 16:00,BTCUSDT 永续,8hr,0.01%
2020/1/20 8:00,BTCUSDT 永续,8hr,0.03%
2020/1/20 0:00,BTCUSDT 永续,8hr,0.09%
2020/1/19 16:00,BTCUSDT 永续,8hr,0.04%
2020/1/19 8:00,BTCUSDT 永续,8hr,0.02%
2020/1/19 0:00,BTCUSDT 永续,8hr,0.03%
2020/1/18 16:00,BTCUSDT 永续,8hr,0.03%
2020/1/18 8:00,BTCUSDT 永续,8hr,0.01%
2020/1/18 0:00,BTCUSDT 永续,8hr,0.06%
2020/1/17 16:00,BTCUSDT 永续,8hr,0.02%
2020/1/17 8:00,BTCUSDT 永续,8hr,0.01%
2020/1/17 0:00,BTCUSDT 永续,8hr,0.03%
2020/1/16 16:00,BTCUSDT 永续,8hr,0.04%
2020/1/16 8:00,BTCUSDT 永续,8hr,0.01%
2020/1/16 0:00,BTCUSDT 永续,8hr,0.01%
2020/1/15 16:00,BTCUSDT 永续,8hr,0.02%
2020/1/15 8:00,BTCUSDT 永续,8hr,0.05%
2020/1/15 0:00,BTCUSDT 永续,8hr,0.01%
2020/1/14 16:00,BTCUSDT 永续,8hr,0.03%
2020/1/14 8:00,BTCUSDT 永续,8hr,0.01%
2020/1/14 0:00,BTCUSDT 永续,8hr,0.01%
2020/1/13 16:00,BTCUSDT 永续,8hr,0.01%
2020/1/13 8:00,BTCUSDT 永续,8hr,0.01%
2020/1/13 0:00,BTCUSDT 永续,8hr,0.01%
2020/1/12 16:00,BTCUSDT 永续,8hr,0.01%
2020/1/12 8:00,BTCUSDT 永续,8hr,0.01%
2020/1/12 0:00,BTCUSDT 永续,8hr,0.01%
2020/1/11 16:00,BTCUSDT 永续,8hr,0.02%
2020/1/11 8:00,BTCUSDT 永续,8hr,0.01%
2020/1/11 0:00,BTCUSDT 永续,8hr,0.01%
2020/1/10 16:00,BTCUSDT 永续,8hr,0.01%
2020/1/10 8:00,BTCUSDT 永续,8hr,0.01%
2020/1/10 0:00,BTCUSDT 永续,8hr,0.01%
2020/1/9 16:00,BTCUSDT 永续,8hr,0.01%
2020/1/9 8:00,BTCUSDT 永续,8hr,0.01%
2020/1/9 0:00,BTCUSDT 永续,8hr,0.01%
2020/1/8 16:00,BTCUSDT 永续,8hr,0.01%
2020/1/8 8:00,BTCUSDT 永续,8hr,0.01%
2020/1/8 0:00,BTCUSDT 永续,8hr,0.01%
2020/1/7 16:00,BTCUSDT 永续,8hr,0.01%
2020/1/7 8:00,BTCUSDT 永续,8hr,0.01%
2020/1/7 0:00,BTCUSDT 永续,8hr,0.01%
2020/1/6 16:00,BTCUSDT 永续,8hr,0.01%
2020/1/6 8:00,BTCUSDT 永续,8hr,0.01%
2020/1/6 0:00,BTCUSDT 永续,8hr,0.01%
2020/1/5 16:00,BTCUSDT 永续,8hr,0.01%
2020/1/5 8:00,BTCUSDT 永续,8hr,0.01%
2020/1/5 0:00,BTCUSDT 永续,8hr,0.01%
2020/1/4 16:00,BTCUSDT 永续,8hr,0.00%
2020/1/4 8:00,BTCUSDT 永续,8hr,0.01%
2020/1/4 0:00,BTCUSDT 永续,8hr,0.01%
2020/1/3 16:00,BTCUSDT 永续,8hr,0.00%
2020/1/3 8:00,BTCUSDT 永续,8hr,0.00%
2020/1/3 0:00,BTCUSDT 永续,8hr,0.00%
2020/1/2 16:00,BTCUSDT 永续,8hr,0.01%
2020/1/2 8:00,BTCUSDT 永续,8hr,0.00%
2020/1/2 0:00,BTCUSDT 永续,8hr,-0.01%
2020/1/1 16:00,BTCUSDT 永续,8hr,-0.01%
2020/1/1 8:00,BTCUSDT 永续,8hr,-0.01%
2020/1/1 0:00,BTCUSDT 永续,8hr,0.00%
2019/12/31 16:00,BTCUSDT 永续,8hr,-0.01%
2019/12/31 8:00,BTCUSDT 永续,8hr,0.00%
2019/12/31 0:00,BTCUSDT 永续,8hr,0.00%
2019/12/30 16:00,BTCUSDT 永续,8hr,-0.02%
2019/12/30 8:00,BTCUSDT 永续,8hr,-0.01%
2019/12/30 0:00,BTCUSDT 永续,8hr,-0.01%
2019/12/29 16:00,BTCUSDT 永续,8hr,0.01%
2019/12/29 8:00,BTCUSDT 永续,8hr,-0.02%
2019/12/29 0:00,BTCUSDT 永续,8hr,0.00%
2019/12/28 16:00,BTCUSDT 永续,8hr,0.00%
2019/12/28 8:00,BTCUSDT 永续,8hr,-0.01%
2019/12/28 0:00,BTCUSDT 永续,8hr,-0.01%
2019/12/27 16:00,BTCUSDT 永续,8hr,-0.01%
2019/12/27 8:00,BTCUSDT 永续,8hr,0.00%
2019/12/27 0:00,BTCUSDT 永续,8hr,0.00%
2019/12/26 16:00,BTCUSDT 永续,8hr,0.01%
2019/12/26 8:00,BTCUSDT 永续,8hr,0.01%
2019/12/26 0:00,BTCUSDT 永续,8hr,0.01%
2019/12/25 16:00,BTCUSDT 永续,8hr,0.01%
2019/12/25 8:00,BTCUSDT 永续,8hr,0.01%
2019/12/25 0:00,BTCUSDT 永续,8hr,0.01%
2019/12/24 16:00,BTCUSDT 永续,8hr,0.01%
2019/12/24 8:00,BTCUSDT 永续,8hr,0.01%
2019/12/24 0:00,BTCUSDT 永续,8hr,0.01%
2019/12/23 16:00,BTCUSDT 永续,8hr,0.01%
2019/12/23 8:00,BTCUSDT 永续,8hr,0.01%
2019/12/23 0:00,BTCUSDT 永续,8hr,0.00%
2019/12/22 16:00,BTCUSDT 永续,8hr,0.01%
2019/12/22 8:00,BTCUSDT 永续,8hr,0.01%
2019/12/22 0:00,BTCUSDT 永续,8hr,0.01%
2019/12/21 16:00,BTCUSDT 永续,8hr,0.01%
2019/12/21 8:00,BTCUSDT 永续,8hr,0.00%
2019/12/21 0:00,BTCUSDT 永续,8hr,0.00%
2019/12/20 16:00,BTCUSDT 永续,8hr,0.00%
2019/12/20 8:00,BTCUSDT 永续,8hr,0.00%
2019/12/20 0:00,BTCUSDT 永续,8hr,0.01%
2019/12/19 16:00,BTCUSDT 永续,8hr,0.01%
2019/12/19 8:00,BTCUSDT 永续,8hr,0.01%
2019/12/19 0:00,BTCUSDT 永续,8hr,-0.02%
2019/12/18 16:00,BTCUSDT 永续,8hr,-0.02%
2019/12/18 8:00,BTCUSDT 永续,8hr,-0.01%
2019/12/18 0:00,BTCUSDT 永续,8hr,0.00%
2019/12/17 16:00,BTCUSDT 永续,8hr,-0.01%
2019/12/17 8:00,BTCUSDT 永续,8hr,0.00%
2019/12/17 0:00,BTCUSDT 永续,8hr,0.00%
2019/12/16 16:00,BTCUSDT 永续,8hr,-0.01%
2019/12/16 8:00,BTCUSDT 永续,8hr,-0.01%
2019/12/16 0:00,BTCUSDT 永续,8hr,0.00%
2019/12/15 16:00,BTCUSDT 永续,8hr,0.01%
2019/12/15 8:00,BTCUSDT 永续,8hr,0.00%
2019/12/15 0:00,BTCUSDT 永续,8hr,0.01%
2019/12/14 16:00,BTCUSDT 永续,8hr,0.00%
2019/12/14 8:00,BTCUSDT 永续,8hr,-0.01%
2019/12/14 0:00,BTCUSDT 永续,8hr,-0.01%
2019/12/13 16:00,BTCUSDT 永续,8hr,-0.01%
2019/12/13 8:00,BTCUSDT 永续,8hr,-0.01%
2019/12/13 0:00,BTCUSDT 永续,8hr,-0.01%
2019/12/12 16:00,BTCUSDT 永续,8hr,0.00%
2019/12/12 8:00,BTCUSDT 永续,8hr,0.00%
2019/12/12 0:00,BTCUSDT 永续,8hr,-0.01%
2019/12/11 16:00,BTCUSDT 永续,8hr,0.00%
2019/12/11 8:00,BTCUSDT 永续,8hr,0.01%
2019/12/11 0:00,BTCUSDT 永续,8hr,0.01%
2019/12/10 16:00,BTCUSDT 永续,8hr,0.01%
2019/12/10 8:00,BTCUSDT 永续,8hr,0.01%
2019/12/10 0:00,BTCUSDT 永续,8hr,0.01%
2019/12/9 16:00,BTCUSDT 永续,8hr,0.01%
2019/12/9 8:00,BTCUSDT 永续,8hr,0.01%
2019/12/9 0:00,BTCUSDT 永续,8hr,0.01%
2019/12/8 16:00,BTCUSDT 永续,8hr,0.01%
2019/12/8 8:00,BTCUSDT 永续,8hr,0.01%
2019/12/8 0:00,BTCUSDT 永续,8hr,0.01%
2019/12/7 16:00,BTCUSDT 永续,8hr,0.00%
2019/12/7 8:00,BTCUSDT 永续,8hr,0.01%
2019/12/7 0:00,BTCUSDT 永续,8hr,0.01%
2019/12/6 16:00,BTCUSDT 永续,8hr,0.01%
2019/12/6 8:00,BTCUSDT 永续,8hr,0.01%
2019/12/6 0:00,BTCUSDT 永续,8hr,0.00%
2019/12/5 16:00,BTCUSDT 永续,8hr,-0.01%
2019/12/5 8:00,BTCUSDT 永续,8hr,0.00%
2019/12/5 0:00,BTCUSDT 永续,8hr,-0.01%
2019/12/4 16:00,BTCUSDT 永续,8hr,0.00%
2019/12/4 8:00,BTCUSDT 永续,8hr,0.00%
2019/12/4 0:00,BTCUSDT 永续,8hr,0.00%
2019/12/3 16:00,BTCUSDT 永续,8hr,0.01%
2019/12/3 8:00,BTCUSDT 永续,8hr,0.00%
2019/12/3 0:00,BTCUSDT 永续,8hr,0.00%
2019/12/2 16:00,BTCUSDT 永续,8hr,0.01%
2019/12/2 8:00,BTCUSDT 永续,8hr,0.01%
2019/12/2 0:00,BTCUSDT 永续,8hr,0.01%
2019/12/1 16:00,BTCUSDT 永续,8hr,0.01%
2019/12/1 8:00,BTCUSDT 永续,8hr,0.01%
2019/12/1 0:00,BTCUSDT 永续,8hr,0.01%
2019/11/30 16:00,BTCUSDT 永续,8hr,0.00%
2019/11/30 8:00,BTCUSDT 永续,8hr,0.01%
2019/11/30 0:00,BTCUSDT 永续,8hr,0.01%
2019/11/29 16:00,BTCUSDT 永续,8hr,0.01%
2019/11/29 8:00,BTCUSDT 永续,8hr,0.01%
2019/11/29 0:00,BTCUSDT 永续,8hr,0.01%
2019/11/28 16:00,BTCUSDT 永续,8hr,0.01%
2019/11/28 8:00,BTCUSDT 永续,8hr,0.01%
2019/11/28 0:00,BTCUSDT 永续,8hr,0.01%
2019/11/27 16:00,BTCUSDT 永续,8hr,-0.02%
2019/11/27 8:00,BTCUSDT 永续,8hr,-0.02%
2019/11/27 0:00,BTCUSDT 永续,8hr,-0.04%
2019/11/26 16:00,BTCUSDT 永续,8hr,-0.05%
2019/11/26 8:00,BTCUSDT 永续,8hr,-0.01%
2019/11/26 0:00,BTCUSDT 永续,8hr,-0.01%
2019/11/25 16:00,BTCUSDT 永续,8hr,0.00%
2019/11/25 8:00,BTCUSDT 永续,8hr,0.01%
2019/11/25 0:00,BTCUSDT 永续,8hr,0.01%
2019/11/24 16:00,BTCUSDT 永续,8hr,0.01%
2019/11/24 8:00,BTCUSDT 永续,8hr,-0.01%
2019/11/24 0:00,BTCUSDT 永续,8hr,-0.01%
2019/11/23 16:00,BTCUSDT 永续,8hr,-0.02%
2019/11/23 8:00,BTCUSDT 永续,8hr,-0.03%
2019/11/23 0:00,BTCUSDT 永续,8hr,-0.03%
2019/11/22 16:00,BTCUSDT 永续,8hr,0.01%
2019/11/22 8:00,BTCUSDT 永续,8hr,0.01%
2019/11/22 0:00,BTCUSDT 永续,8hr,0.01%
2019/11/21 16:00,BTCUSDT 永续,8hr,0.01%
2019/11/21 8:00,BTCUSDT 永续,8hr,0.01%
2019/11/21 0:00,BTCUSDT 永续,8hr,0.01%
2019/11/20 16:00,BTCUSDT 永续,8hr,0.01%
2019/11/20 8:00,BTCUSDT 永续,8hr,0.01%
2019/11/20 0:00,BTCUSDT 永续,8hr,0.01%
2019/11/19 16:00,BTCUSDT 永续,8hr,0.01%
2019/11/19 8:00,BTCUSDT 永续,8hr,0.01%
2019/11/19 0:00,BTCUSDT 永续,8hr,0.01%
2019/11/18 16:00,BTCUSDT 永续,8hr,0.01%
2019/11/18 8:00,BTCUSDT 永续,8hr,0.01%
2019/11/18 0:00,BTCUSDT 永续,8hr,0.01%
2019/11/17 16:00,BTCUSDT 永续,8hr,0.01%
2019/11/17 8:00,BTCUSDT 永续,8hr,0.01%
2019/11/17 0:00,BTCUSDT 永续,8hr,0.01%
2019/11/16 16:00,BTCUSDT 永续,8hr,0.01%
2019/11/16 8:00,BTCUSDT 永续,8hr,0.01%
2019/11/16 0:00,BTCUSDT 永续,8hr,0.01%
2019/11/15 16:00,BTCUSDT 永续,8hr,0.01%
2019/11/15 8:00,BTCUSDT 永续,8hr,0.01%
2019/11/15 0:00,BTCUSDT 永续,8hr,0.01%
2019/11/14 16:00,BTCUSDT 永续,8hr,0.01%
2019/11/14 8:00,BTCUSDT 永续,8hr,0.01%
2019/11/14 0:00,BTCUSDT 永续,8hr,0.01%
2019/11/13 16:00,BTCUSDT 永续,8hr,0.01%
2019/11/13 8:00,BTCUSDT 永续,8hr,-0.02%
2019/11/13 0:00,BTCUSDT 永续,8hr,0.01%
2019/11/12 16:00,BTCUSDT 永续,8hr,0.01%
2019/11/12 8:00,BTCUSDT 永续,8hr,0.01%
2019/11/12 0:00,BTCUSDT 永续,8hr,0.01%
2019/11/11 16:00,BTCUSDT 永续,8hr,0.01%
2019/11/11 8:00,BTCUSDT 永续,8hr,0.01%
2019/11/11 0:00,BTCUSDT 永续,8hr,0.01%
2019/11/10 16:00,BTCUSDT 永续,8hr,0.01%
2019/11/10 8:00,BTCUSDT 永续,8hr,0.01%
2019/11/10 0:00,BTCUSDT 永续,8hr,0.01%
2019/11/9 16:00,BTCUSDT 永续,8hr,0.01%
2019/11/9 8:00,BTCUSDT 永续,8hr,0.01%
2019/11/9 0:00,BTCUSDT 永续,8hr,0.01%
2019/11/8 16:00,BTCUSDT 永续,8hr,0.01%
2019/11/8 8:00,BTCUSDT 永续,8hr,0.01%
2019/11/8 0:00,BTCUSDT 永续,8hr,0.02%
2019/11/7 16:00,BTCUSDT 永续,8hr,0.02%
2019/11/7 8:00,BTCUSDT 永续,8hr,0.03%
2019/11/7 0:00,BTCUSDT 永续,8hr,0.01%
2019/11/6 16:00,BTCUSDT 永续,8hr,0.01%
2019/11/6 8:00,BTCUSDT 永续,8hr,0.01%
2019/11/6 0:00,BTCUSDT 永续,8hr,0.01%
2019/11/5 16:00,BTCUSDT 永续,8hr,0.01%
2019/11/5 8:00,BTCUSDT 永续,8hr,0.01%
2019/11/5 0:00,BTCUSDT 永续,8hr,0.01%
2019/11/4 16:00,BTCUSDT 永续,8hr,0.01%
2019/11/4 8:00,BTCUSDT 永续,8hr,0.01%
2019/11/4 0:00,BTCUSDT 永续,8hr,0.01%
2019/11/3 16:00,BTCUSDT 永续,8hr,0.01%
2019/11/3 8:00,BTCUSDT 永续,8hr,0.01%
2019/11/3 0:00,BTCUSDT 永续,8hr,0.01%
2019/11/2 16:00,BTCUSDT 永续,8hr,0.01%
2019/11/2 8:00,BTCUSDT 永续,8hr,0.01%
2019/11/2 0:00,BTCUSDT 永续,8hr,0.01%
2019/11/1 16:00,BTCUSDT 永续,8hr,0.05%
2019/11/1 8:00,BTCUSDT 永续,8hr,0.02%
2019/11/1 0:00,BTCUSDT 永续,8hr,0.04%
2019/10/31 16:00,BTCUSDT 永续,8hr,0.04%
2019/10/31 8:00,BTCUSDT 永续,8hr,0.01%
2019/10/31 0:00,BTCUSDT 永续,8hr,0.05%
2019/10/30 16:00,BTCUSDT 永续,8hr,0.03%
2019/10/30 8:00,BTCUSDT 永续,8hr,0.03%
2019/10/30 0:00,BTCUSDT 永续,8hr,0.05%
2019/10/29 16:00,BTCUSDT 永续,8hr,0.02%
2019/10/29 8:00,BTCUSDT 永续,8hr,0.05%
2019/10/29 0:00,BTCUSDT 永续,8hr,0.07%
2019/10/28 16:00,BTCUSDT 永续,8hr,0.08%
2019/10/28 8:00,BTCUSDT 永续,8hr,0.01%
2019/10/28 0:00,BTCUSDT 永续,8hr,0.01%
2019/10/27 16:00,BTCUSDT 永续,8hr,0.02%
2019/10/27 8:00,BTCUSDT 永续,8hr,0.01%
2019/10/27 0:00,BTCUSDT 永续,8hr,0.03%
2019/10/26 16:00,BTCUSDT 永续,8hr,0.01%
2019/10/26 8:00,BTCUSDT 永续,8hr,0.01%
2019/10/26 0:00,BTCUSDT 永续,8hr,-0.01%
2019/10/25 16:00,BTCUSDT 永续,8hr,0.01%
2019/10/25 8:00,BTCUSDT 永续,8hr,0.01%
2019/10/25 0:00,BTCUSDT 永续,8hr,0.00%
2019/10/24 16:00,BTCUSDT 永续,8hr,0.01%
2019/10/24 8:00,BTCUSDT 永续,8hr,0.01%
2019/10/24 0:00,BTCUSDT 永续,8hr,0.01%
2019/10/23 16:00,BTCUSDT 永续,8hr,0.01%
2019/10/23 8:00,BTCUSDT 永续,8hr,0.01%
2019/10/23 0:00,BTCUSDT 永续,8hr,0.01%
2019/10/22 16:00,BTCUSDT 永续,8hr,0.01%
2019/10/22 8:00,BTCUSDT 永续,8hr,0.01%
2019/10/22 0:00,BTCUSDT 永续,8hr,0.01%
2019/10/21 16:00,BTCUSDT 永续,8hr,0.01%
2019/10/21 8:00,BTCUSDT 永续,8hr,0.01%
2019/10/21 0:00,BTCUSDT 永续,8hr,0.01%
2019/10/20 16:00,BTCUSDT 永续,8hr,0.01%
2019/10/20 8:00,BTCUSDT 永续,8hr,0.01%
2019/10/20 0:00,BTCUSDT 永续,8hr,0.01%
2019/10/19 16:00,BTCUSDT 永续,8hr,0.01%
2019/10/19 8:00,BTCUSDT 永续,8hr,0.01%
2019/10/19 0:00,BTCUSDT 永续,8hr,0.01%
2019/10/18 16:00,BTCUSDT 永续,8hr,0.01%
2019/10/18 8:00,BTCUSDT 永续,8hr,0.01%
2019/10/18 0:00,BTCUSDT 永续,8hr,0.01%
2019/10/17 16:00,BTCUSDT 永续,8hr,0.01%
2019/10/17 8:00,BTCUSDT 永续,8hr,0.01%
2019/10/17 0:00,BTCUSDT 永续,8hr,0.01%
2019/10/16 16:00,BTCUSDT 永续,8hr,0.01%
2019/10/16 8:00,BTCUSDT 永续,8hr,0.01%
2019/10/16 0:00,BTCUSDT 永续,8hr,0.01%
2019/10/15 16:00,BTCUSDT 永续,8hr,0.01%
2019/10/15 8:00,BTCUSDT 永续,8hr,0.01%
2019/10/15 0:00,BTCUSDT 永续,8hr,0.01%
2019/10/14 16:00,BTCUSDT 永续,8hr,0.01%
2019/10/14 8:00,BTCUSDT 永续,8hr,0.01%
2019/10/14 0:00,BTCUSDT 永续,8hr,0.01%
2019/10/13 16:00,BTCUSDT 永续,8hr,0.01%
2019/10/13 8:00,BTCUSDT 永续,8hr,0.01%
2019/10/13 0:00,BTCUSDT 永续,8hr,0.01%
2019/10/12 16:00,BTCUSDT 永续,8hr,0.01%
2019/10/12 8:00,BTCUSDT 永续,8hr,0.01%
2019/10/12 0:00,BTCUSDT 永续,8hr,0.01%
2019/10/11 16:00,BTCUSDT 永续,8hr,0.01%
2019/10/11 8:00,BTCUSDT 永续,8hr,0.01%
2019/10/11 0:00,BTCUSDT 永续,8hr,0.01%
2019/10/10 16:00,BTCUSDT 永续,8hr,0.01%
2019/10/10 8:00,BTCUSDT 永续,8hr,0.01%
2019/10/10 0:00,BTCUSDT 永续,8hr,0.01%
2019/10/9 16:00,BTCUSDT 永续,8hr,0.01%
2019/10/9 8:00,BTCUSDT 永续,8hr,0.01%
2019/10/9 0:00,BTCUSDT 永续,8hr,0.01%
2019/10/8 16:00,BTCUSDT 永续,8hr,0.01%
2019/10/8 8:00,BTCUSDT 永续,8hr,0.01%
2019/10/8 0:00,BTCUSDT 永续,8hr,-0.02%
2019/10/7 16:00,BTCUSDT 永续,8hr,-0.02%
2019/10/7 8:00,BTCUSDT 永续,8hr,-0.01%
2019/10/7 0:00,BTCUSDT 永续,8hr,0.00%
2019/10/6 16:00,BTCUSDT 永续,8hr,0.00%
2019/10/6 8:00,BTCUSDT 永续,8hr,-0.01%
2019/10/6 0:00,BTCUSDT 永续,8hr,0.00%
2019/10/5 16:00,BTCUSDT 永续,8hr,-0.02%
2019/10/5 8:00,BTCUSDT 永续,8hr,-0.03%
2019/10/5 0:00,BTCUSDT 永续,8hr,-0.01%
2019/10/4 16:00,BTCUSDT 永续,8hr,0.00%
2019/10/4 8:00,BTCUSDT 永续,8hr,0.01%
2019/10/4 0:00,BTCUSDT 永续,8hr,0.01%
2019/10/3 16:00,BTCUSDT 永续,8hr,-0.01%
2019/10/3 8:00,BTCUSDT 永续,8hr,-0.03%
2019/10/3 0:00,BTCUSDT 永续,8hr,-0.05%
2019/10/2 16:00,BTCUSDT 永续,8hr,0.01%
2019/10/2 8:00,BTCUSDT 永续,8hr,0.01%
2019/10/2 0:00,BTCUSDT 永续,8hr,0.01%
2019/10/1 16:00,BTCUSDT 永续,8hr,0.01%
2019/10/1 8:00,BTCUSDT 永续,8hr,0.01%
2019/10/1 0:00,BTCUSDT 永续,8hr,0.01%
2019/9/30 16:00,BTCUSDT 永续,8hr,0.01%
2019/9/30 8:00,BTCUSDT 永续,8hr,0.01%
2019/9/30 0:00,BTCUSDT 永续,8hr,0.01%
2019/9/29 16:00,BTCUSDT 永续,8hr,0.01%
2019/9/29 8:00,BTCUSDT 永续,8hr,0.01%
2019/9/29 0:00,BTCUSDT 永续,8hr,0.01%
2019/9/28 16:00,BTCUSDT 永续,8hr,0.01%
2019/9/28 8:00,BTCUSDT 永续,8hr,0.01%
2019/9/28 0:00,BTCUSDT 永续,8hr,0.01%
2019/9/27 16:00,BTCUSDT 永续,8hr,0.01%
2019/9/27 8:00,BTCUSDT 永续,8hr,0.01%
2019/9/27 0:00,BTCUSDT 永续,8hr,0.01%
2019/9/26 16:00,BTCUSDT 永续,8hr,0.01%
2019/9/26 8:00,BTCUSDT 永续,8hr,0.01%
2019/9/26 0:00,BTCUSDT 永续,8hr,0.01%
2019/9/25 16:00,BTCUSDT 永续,8hr,0.01%
2019/9/25 8:00,BTCUSDT 永续,8hr,0.01%
2019/9/25 0:00,BTCUSDT 永续,8hr,0.01%
2019/9/24 16:00,BTCUSDT 永续,8hr,0.01%
2019/9/24 8:00,BTCUSDT 永续,8hr,0.01%
2019/9/24 0:00,BTCUSDT 永续,8hr,0.01%
2019/9/23 16:00,BTCUSDT 永续,8hr,0.01%
2019/9/23 8:00,BTCUSDT 永续,8hr,0.01%
2019/9/23 0:00,BTCUSDT 永续,8hr,0.01%
2019/9/22 16:00,BTCUSDT 永续,8hr,0.01%
2019/9/22 8:00,BTCUSDT 永续,8hr,0.01%
2019/9/22 0:00,BTCUSDT 永续,8hr,0.01%
2019/9/21 16:00,BTCUSDT 永续,8hr,0.01%
2019/9/21 8:00,BTCUSDT 永续,8hr,0.01%
2019/9/21 0:00,BTCUSDT 永续,8hr,0.01%
2019/9/20 16:00,BTCUSDT 永续,8hr,0.01%
2019/9/20 8:00,BTCUSDT 永续,8hr,0.01%
2019/9/20 0:00,BTCUSDT 永续,8hr,0.01%
2019/9/19 16:00,BTCUSDT 永续,8hr,0.01%
2019/9/19 8:00,BTCUSDT 永续,8hr,0.01%
2019/9/19 0:00,BTCUSDT 永续,8hr,0.01%
2019/9/18 16:00,BTCUSDT 永续,8hr,0.01%
2019/9/18 8:00,BTCUSDT 永续,8hr,0.01%
2019/9/18 0:00,BTCUSDT 永续,8hr,0.01%
2019/9/17 16:00,BTCUSDT 永续,8hr,0.01%
2019/9/17 8:00,BTCUSDT 永续,8hr,0.01%
2019/9/17 0:00,BTCUSDT 永续,8hr,0.01%
2019/9/16 16:00,BTCUSDT 永续,8hr,0.01%
2019/9/16 8:00,BTCUSDT 永续,8hr,0.01%
2019/9/16 0:00,BTCUSDT 永续,8hr,0.01%
2019/9/15 16:00,BTCUSDT 永续,8hr,0.01%
2019/9/15 8:00,BTCUSDT 永续,8hr,0.01%
2019/9/15 0:00,BTCUSDT 永续,8hr,0.01%
2019/9/14 16:00,BTCUSDT 永续,8hr,0.01%
2019/9/14 8:00,BTCUSDT 永续,8hr,0.01%
2019/9/14 0:00,BTCUSDT 永续,8hr,0.01%
2019/9/13 16:00,BTCUSDT 永续,8hr,0.01%
2019/9/13 8:00,BTCUSDT 永续,8hr,0.01%
2019/9/13 0:00,BTCUSDT 永续,8hr,0.01%
2019/9/12 16:00,BTCUSDT 永续,8hr,0.01%
2019/9/12 8:00,BTCUSDT 永续,8hr,0.01%
2019/9/12 0:00,BTCUSDT 永续,8hr,0.01%
2019/9/11 16:00,BTCUSDT 永续,8hr,0.01%
2019/9/11 8:00,BTCUSDT 永续,8hr,0.01%
2019/9/11 0:00,BTCUSDT 永续,8hr,0.01%
2019/9/10 16:00,BTCUSDT 永续,8hr,0.01%
